Lot Number,Sale Number,Url,Title,Current Price,Current # Bids,Current # Watchers,# Page Views,Time Left
17051,7292,https://comics.ha.com/c/item.zx?saleNo=7292&lotNo=17051,"The Jetsons Full Family Size Comparison/Color Model Cel (Hanna-Barbera, 1962).",58,5,38,73,22h 58m 11s
17052,7292,https://comics.ha.com/c/item.zx?saleNo=7292&lotNo=17052,"Ricochet Rabbit & Droop-a-Long ""Atchison Topeka & Sam Jose"" Title Cel and Key Master Background (Hanna-Barbera, 1964).",105,3,23,85,22h 58m 6s
17053,7292,https://comics.ha.com/c/item.zx?saleNo=7292&lotNo=17053,"Jonny Quest ""Calcutta Adventure"" Pan Production Background (Hanna-Barbera, 1964).",155,9,22,117,22h 58m 1s
17054,7292,https://comics.ha.com/c/item.zx?saleNo=7292&lotNo=17054,"The Banana Splits Hand-Drawn Logo Original Art and Costume Photos Group of 5 (Hanna-Barbera, 1968).",58,3,27,78,22h 57m 42s
17055,7292,https://comics.ha.com/c/item.zx?saleNo=7292&lotNo=17055,"Hanna-Barbera's World of Super Adventure Multi-Character Publicity Cel (Hanna-Barbera, c. 1978-1984).",200,29,42,185,22h 57m 38s
17056,7292,https://comics.ha.com/c/item.zx?saleNo=7292&lotNo=17056,"Oversized Vertical Pan Production Cel Featuring Over 45 Hanna-Barbera Characters (Hanna-Barbera, c. 1970s).",115,26,49,181,22h 57m 19s
17057,7292,https://comics.ha.com/c/item.zx?saleNo=7292&lotNo=17057,"Scooby-Doo, Where Are You! Shaggy, Scooby-Doo, Velma, Daphne, and Fred Production Cel (Hanna-Barbera, c. 1970s).",260,10,143,343,22h 57m 15s
17058,7292,https://comics.ha.com/c/item.zx?saleNo=7292&lotNo=17058,"Hockey Night in Canada Peter Puck Title Card Production Cel (Hanna-Barbera, c. 1970s).",225,15,29,113,22h 56m 54s
17059,7292,https://comics.ha.com/c/item.zx?saleNo=7292&lotNo=17059,"The Smurfs Gargamel and Smurf Production Bumper Cel and Key Master Production Cel (Hanna-Barbera, c. 1980s).",56,6,30,60,22h 56m 42s
17060,7292,https://comics.ha.com/c/item.zx?saleNo=7292&lotNo=17060,"Cartoonsville ""Space Ghost Attraction"" Theme Park Attraction Concept Painting by Bruce Bushman (Hanna-Barbera, c. 1968).",0,0,25,68,22h 56m 19s
17061,7292,https://comics.ha.com/c/item.zx?saleNo=7292&lotNo=17061,"Cartoonsville ""Space Ghost Attraction"" Theme Park Attraction Concept Painting by Bruce Bushman (Hanna-Barbera, c. 1968).",240,4,21,52,22h 56m 15s
17062,7292,https://comics.ha.com/c/item.zx?saleNo=7292&lotNo=17062,"Cartoonsville ""Alien World Explorer"" Theme Park Attraction Concept Painting by Bruce Bushman (Hanna-Barbera, c. 1968).",240,3,14,60,22h 56m 10s
17063,7292,https://comics.ha.com/c/item.zx?saleNo=7292&lotNo=17063,"The Art of Hanna-Barbera ""Theme Park"" Signed Limited Edition Cel #171/400 (Hanna-Barbera, 1991).",135,4,29,56,22h 56m 6s
17064,7292,https://comics.ha.com/c/item.zx?saleNo=7292&lotNo=17064,"""Hollyrock 3-D"" The Flintstones and Friends Raised-Relief Limited Edition Print by Charles Fazzino Signed by Bill Hanna and Joe Barbera (Hanna-Barbera, 1993).",925,44,18,95,22h 55m 39s
17065,7292,https://comics.ha.com/c/item.zx?saleNo=7292&lotNo=17065,"""Broadway Toons"" Limited Edition Three-Dimensional Serigraph Display #199/400 Created by Charles Fazzino and Signed by Bill Hanna and Joe Barbera (Hanna-Barbera, 1995).",350,18,20,78,22h 55m 35s
17066,7292,https://comics.ha.com/c/item.zx?saleNo=7292&lotNo=17066,"Bill & Ted's Excellent Adventures (TV Series) Promotional Illustration Original Art by Kent Melton (Hanna-Barbera, 1990).",84,21,9,43,22h 55m 31s
17067,7292,https://comics.ha.com/c/item.zx?saleNo=7292&lotNo=17067,"Hanna-Barbera's 50th: A Yabba Dabba Doo Celebration 46-Character Production Cel Signed by Bill Hanna and Joe Barbera (Hanna-Barbera, 1989).",810,20,34,132,22h 55m 27s
17068,7292,https://comics.ha.com/c/item.zx?saleNo=7292&lotNo=17068,"""Symphony of the Stars"" Flintstones, Jetsons, Scooby-Doo, and More Limited Edition Cel #452/500 Signed by Bill Hanna and Joe Barbera (Hanna-Barbera, 1988).",115,7,44,105,22h 55m 23s
17069,7292,https://comics.ha.com/c/item.zx?saleNo=7292&lotNo=17069,"What's Opera, Doc? Bugs Bunny Production Cel and Master Production Background (Warner Brothers, 1957).",4700,27,130,515,22h 55m 19s
17070,7292,https://comics.ha.com/c/item.zx?saleNo=7292&lotNo=17070,"What's Opera, Doc? Elmer Fudd Layout Drawing (Warner Brothers, 1957).",625,9,47,158,22h 55m 15s
17071,7292,https://comics.ha.com/c/item.zx?saleNo=7292&lotNo=17071,"What's Opera, Doc? Elmer as Siegfried Original Layout Drawings by Chuck Jones (Warner Brothers, 1957).",310,11,51,135,22h 55m 10s
17072,7292,https://comics.ha.com/c/item.zx?saleNo=7292&lotNo=17072,"Falling Hare Bugs Bunny Production Cel with Custom Painted Background (Warner Brothers, 1943/1997).",525,13,62,196,22h 55m 6s
17073,7292,https://comics.ha.com/c/item.zx?saleNo=7292&lotNo=17073,"A Feather in His Hare Bugs Bunny Production Cel with Slick Hare Production Background (Warner Brothers, 1947/48).",725,10,44,154,22h 55m 2s
17074,7292,https://comics.ha.com/c/item.zx?saleNo=7292&lotNo=17074,"A Hare Grows in Manhattan Bugs Bunny Studio Publicity Magazine Title Illustration Original Art (Warner Brothers/Coronet Magazine, 1945).",130,6,47,163,22h 54m 57s
17075,7292,https://comics.ha.com/c/item.zx?saleNo=7292&lotNo=17075,"Sylvester and Tweety Bird Original Storyboard Art by Bob Clampett, Group of 2 (Warner Brothers, c. 1945).",200,7,22,145,22h 54m 53s
17076,7292,https://comics.ha.com/c/item.zx?saleNo=7292&lotNo=17076,"""Elmer's Candid Camera"" Elmer Fudd and Happy Rabbit (Bugs Bunny Prototype) Limited Edition Cel #25/40 (Warner Brothers, 2000).",3,2,22,72,22h 54m 49s
17077,7292,https://comics.ha.com/c/item.zx?saleNo=7292&lotNo=17077,"Coal Black and de Sebben Dwarfs Studio Model Sheet (Warner Brothers, 1942).",140,7,73,370,22h 54m 45s
17078,7292,https://comics.ha.com/c/item.zx?saleNo=7292&lotNo=17078,"My Bunny Lies Over the Ocean Bugs Bunny Production Cel with Signed 14 Carrot Rabbit Pan Background (Warner Brothers, 1948/1952).",230,17,46,162,22h 54m 41s
17079,7292,https://comics.ha.com/c/item.zx?saleNo=7292&lotNo=17079,"Rabbit Fire Elmer Fudd Production Cel with Bugs Bunny Production Cel (Warner Brothers, c. 1951/1957).",130,6,42,146,22h 54m 37s
17080,7292,https://comics.ha.com/c/item.zx?saleNo=7292&lotNo=17080,"Ain't She Tweet Sylvester Production Cel and Master Background by Irv Wyner (Warner Brothers, 1952).",210,5,49,127,22h 54m 32s
17081,7292,https://comics.ha.com/c/item.zx?saleNo=7292&lotNo=17081,"14 Carrot Rabbit 45-Inch Pan Production Background by Irv Wyner (Warner Brothers, 1952).",3,2,32,89,22h 54m 28s
16051,7292,https://comics.ha.com/c/item.zx?saleNo=7292&lotNo=16051,"Æon Flux ""Mirror"" Production Cel Signed by Peter Chung and Animation Drawing (MTV Animation, 1992).",1,1,23,40,23h 52m 50s
16052,7292,https://comics.ha.com/c/item.zx?saleNo=7292&lotNo=16052,"Æon Flux ""War"" Production Cel Signed by Peter Chung (MTV Animation, 1992).",8,5,27,49,23h 52m 46s
16053,7292,https://comics.ha.com/c/item.zx?saleNo=7292&lotNo=16053,"Æon Flux ""War"" Production Cel Signed by Peter Chung with Animation Drawing (MTV Animation, 1992).",26,12,27,48,23h 52m 43s
16054,7292,https://comics.ha.com/c/item.zx?saleNo=7292&lotNo=16054,"Æon Flux ""Tide"" Trevor Goodchild, Æon Flux, and Agent Production Cel Signed by Peter Chung (MTV Animation, 1992).",8,2,19,49,23h 52m 39s
16055,7292,https://comics.ha.com/c/item.zx?saleNo=7292&lotNo=16055,"Æon Flux ""Pilot"" Production Cel Signed by Peter Chung with Key Master Background (MTV Animation, 1991).",8,2,27,50,23h 52m 36s
16056,7292,https://comics.ha.com/c/item.zx?saleNo=7292&lotNo=16056,"Æon Flux ""Pilot"" Production Cel Setup with Key Master Background Signed by Peter Chung (MTV Animation, 1991).",1,1,30,50,23h 52m 33s
16057,7292,https://comics.ha.com/c/item.zx?saleNo=7292&lotNo=16057,"Æon Flux ""Pilot"" Production Cel Signed by Peter Chung with Animation Drawing (MTV Animation, 1991).",1,1,27,66,23h 52m 29s
16058,7292,https://comics.ha.com/c/item.zx?saleNo=7292&lotNo=16058,"Æon Flux ""Pilot"" Monican Soldier Production Cel with Key Master Background and ""Mirror"" Æon Flux Production Cel Signed by Peter Chung Group of 2 (MTV Animation, c. 1991-92).",8,2,29,89,23h 52m 26s
16059,7292,https://comics.ha.com/c/item.zx?saleNo=7292&lotNo=16059,"G-Police Production Cel with Master Background Signed by Peter Chung (Acme Filmworks, 1997).",1,1,9,24,23h 52m 23s
16060,7292,https://comics.ha.com/c/item.zx?saleNo=7292&lotNo=16060,"G-Police Production Cel with Master Background by Peter Chung (Acme Filmworks, 1997).",1,1,8,24,23h 52m 19s
16061,7292,https://comics.ha.com/c/item.zx?saleNo=7292&lotNo=16061,"MTV Loaded Production Cel with Master Background Signed by Peter Chung (MTV Animation, 1996).",1,1,13,39,23h 52m 16s
16062,7292,https://comics.ha.com/c/item.zx?saleNo=7292&lotNo=16062,"MTV Loaded Production Cel with Key Master Background (MTV Animation, 1996).",1,1,8,38,23h 52m 13s
16063,7292,https://comics.ha.com/c/item.zx?saleNo=7292&lotNo=16063,"Æon Flux ""Pilot"" Production Cel Signed by Peter Chung with Key Master Background (MTV Animation, 1991).",9,6,33,50,23h 52m 9s
16064,7292,https://comics.ha.com/c/item.zx?saleNo=7292&lotNo=16064,"Levi's 501 Edward, Tentacles, and Man Television Commercial Production Cel Signed by Peter Chung (Colossal Pictures, 1990).",3,2,10,37,23h 52m 6s
16065,7292,https://comics.ha.com/c/item.zx?saleNo=7292&lotNo=16065,"Levi's 501 Television Commercial Production Cel (Colossal Pictures, 1990).",3,2,7,31,23h 52m 3s
16066,7292,https://comics.ha.com/c/item.zx?saleNo=7292&lotNo=16066,"Sesame Street ""Up, Down"" Animation Drawing Sequence of 3 Signed by Peter Chung (Klasky-Csupo, 1989).",1,1,12,63,23h 52m
16067,7292,https://comics.ha.com/c/item.zx?saleNo=7292&lotNo=16067,"The Mustard Seed Garden Painting Manual 3-Part Edo-Period Woodblock-Printed Book Set Composed of 17 Volumes (Wang Gai/Unknown Publisher, c. 1840s-1870s).",130,7,16,86,23h 51m 57s
16068,7292,https://comics.ha.com/c/item.zx?saleNo=7292&lotNo=16068,"Katsushika Hokusai - 100 Views of Mt. Fuji Group of 2 Volumes with Group of 5 Other Woodblock-Illustrated Books (Heijiro Hayashi, c. 1877).",260,16,29,119,23h 51m 53s
16069,7292,https://comics.ha.com/c/item.zx?saleNo=7292&lotNo=16069,"Katsushika Hokusai Woodblock-Printed Hokusai Manga , Group of 13 Volumes (Heijiro Hayashi, c. 1870s).",130,17,23,72,23h 51m 50s
16070,7292,https://comics.ha.com/c/item.zx?saleNo=7292&lotNo=16070,"Akira Kaneda Production Cel and Animation Drawing Group of 2 (Tokyo Movie Shinsha, 1988).",2000,9,141,434,23h 51m 47s
16071,7292,https://comics.ha.com/c/item.zx?saleNo=7292&lotNo=16071,"Akira Kaneda Production Cel and Animation Drawing (Tokyo Movie Shinsha, 1988).",525,10,160,264,23h 51m 44s
16072,7292,https://comics.ha.com/c/item.zx?saleNo=7292&lotNo=16072,"Akira Tetsuo Production Cel (Tokyo Movie Shinsha, 1988).",230,9,90,206,23h 51m 41s
16073,7292,https://comics.ha.com/c/item.zx?saleNo=7292&lotNo=16073,"Akira Kaneda Production Cel with Master Background (Tokyo Movie Shinsha, 1988).",210,6,125,223,23h 51m 38s
16074,7292,https://comics.ha.com/c/item.zx?saleNo=7292&lotNo=16074,"Akira Kiyoko Production Cel and Animation Drawing (Tokyo Movie Shinsha, 1988).",105,5,62,69,23h 51m 35s
16075,7292,https://comics.ha.com/c/item.zx?saleNo=7292&lotNo=16075,"Akira Resistance Fighter Production Cel and Animation Drawing (Tokyo Movie Shinsha, 1988).",105,4,63,96,23h 51m 31s
16076,7292,https://comics.ha.com/c/item.zx?saleNo=7292&lotNo=16076,"Akira Tetsuo Production Cel and Animation Drawing (Tokyo Movie Shinsha, 1988).",230,9,92,100,23h 51m 28s
16077,7292,https://comics.ha.com/c/item.zx?saleNo=7292&lotNo=16077,"Akira The Capsules Production Cel and Animation Drawing (Tokyo Movie Shinsha, 1988).",130,5,95,118,23h 51m 25s
16078,7292,https://comics.ha.com/c/item.zx?saleNo=7292&lotNo=16078,"Akira Tetsuo Production Cel and Animation Drawing (Tokyo Movie Shinsha, 1988).",2600,9,96,166,23h 51m 22s
16079,7292,https://comics.ha.com/c/item.zx?saleNo=7292&lotNo=16079,"Akira Colonel Shikishima and Tetsuo Production Cel with Layout Drawing (Tokyo Movie Shinsha, 1988).",240,8,95,293,23h 51m 19s
16080,7292,https://comics.ha.com/c/item.zx?saleNo=7292&lotNo=16080,"Akira Kaneda Production Cel and Animation Drawing (Tokyo Movie Shinsha, 1988).",1900,11,152,401,23h 51m 16s
16081,7292,https://comics.ha.com/c/item.zx?saleNo=7292&lotNo=16081,"Akira Kaneda Production Cel and Animation Drawing (Tokyo Movie Shinsha, 1988).",1150,8,92,131,23h 51m 13s
16082,7292,https://comics.ha.com/c/item.zx?saleNo=7292&lotNo=16082,"Akira Tetsuo Production Cel and Animation Drawing (Tokyo Movie Shinsha, 1988).",240,8,68,107,23h 51m 9s
16083,7292,https://comics.ha.com/c/item.zx?saleNo=7292&lotNo=16083,"Akira Tetsuo Shima Production Cel and Animation Drawing (Tokyo Movie Shinsha, 1988).",155,5,96,136,23h 51m 6s
16084,7292,https://comics.ha.com/c/item.zx?saleNo=7292&lotNo=16084,"Akira Kaneda and Truck Production Cel and Animation Drawings Group of 3 (Tokyo Movie Shinsha, 1988).",260,11,61,91,23h 51m 3s
16085,7292,https://comics.ha.com/c/item.zx?saleNo=7292&lotNo=16085,"Akira Kaneda, Kai, and Yamagata Production Cel and Animation Drawing Group of 4 (Tokyo Movie Shinsha, 1988).",56,3,38,28,23h 51m
16086,7292,https://comics.ha.com/c/item.zx?saleNo=7292&lotNo=16086,"Akira Kaneda Production Cel and Animation Drawing Group of 3 (Tokyo Movie Shinsha, 1988).",56,4,42,33,23h 50m 57s
16087,7292,https://comics.ha.com/c/item.zx?saleNo=7292&lotNo=16087,"Akira Kaneda and Tetsuo Production Cel and Animation Drawing (Tokyo Movie Shinsha, 1988).",100,5,47,44,23h 50m 53s
16088,7292,https://comics.ha.com/c/item.zx?saleNo=7292&lotNo=16088,"Akira Tetsuo Production Cel Setup with Key Master Background (Tokyo Movie Shinsha, 1988).",105,5,47,91,23h 50m 50s
16089,7292,https://comics.ha.com/c/item.zx?saleNo=7292&lotNo=16089,"Akira Kaneda and Crowd Production Cel (Tokyo Movie Shinsha, 1988).",105,6,59,117,23h 50m 47s
16090,7292,https://comics.ha.com/c/item.zx?saleNo=7292&lotNo=16090,"Akira Kei Production Cel and Steam Effects Animation Drawing (Tokyo Movie Shinsha, 1988).",100,5,44,42,23h 50m 43s
16091,7292,https://comics.ha.com/c/item.zx?saleNo=7292&lotNo=16091,"Akira Tetsuo Production Cels and Animation Drawing (Tokyo Movie Shinsha, 1988).",230,5,151,522,23h 50m 40s
16092,7292,https://comics.ha.com/c/item.zx?saleNo=7292&lotNo=16092,"Akira Tetsuo Production Cel (Tokyo Movie Shinsha, 1988).",210,6,51,58,23h 50m 37s
16093,7292,https://comics.ha.com/c/item.zx?saleNo=7292&lotNo=16093,"Akira Tetsuo Production Cel and Animation Drawing (Tokyo Movie Shinsha, 1988).",330,8,138,260,23h 50m 34s
16094,7292,https://comics.ha.com/c/item.zx?saleNo=7292&lotNo=16094,"Akira Tetsuo Production Cel (Tokyo Movie Shinsha, 1988).",105,4,51,67,23h 50m 31s
16095,7292,https://comics.ha.com/c/item.zx?saleNo=7292&lotNo=16095,"Akira Tetsuo Production Cel and Animation Drawing (Tokyo Movie Shinsha, 1988).",260,6,64,101,23h 50m 28s
16096,7292,https://comics.ha.com/c/item.zx?saleNo=7292&lotNo=16096,"Akira Takashi and Resistance Fighter Production Cel and Animation Drawing (Tokyo Movie Shinsha, 1988).",105,5,68,77,23h 50m 24s
16097,7292,https://comics.ha.com/c/item.zx?saleNo=7292&lotNo=16097,"Akira Tetsuo Production Cel and Animation Drawing (Tokyo Movie Shinsha, 1988).",130,8,62,76,23h 50m 21s
16098,7292,https://comics.ha.com/c/item.zx?saleNo=7292&lotNo=16098,"Akira Kaneda Production Cel and Animation Drawing (Tokyo Movie Shinsha, 1988).",210,6,154,292,23h 50m 18s
16099,7292,https://comics.ha.com/c/item.zx?saleNo=7292&lotNo=16099,"Akira Manga Complete Group of 38 (EPIC, 1988-1995).",130,21,50,75,23h 50m 15s
16100,7292,https://comics.ha.com/c/item.zx?saleNo=7292&lotNo=16100,"Akira Volume 1 Page 297 Color Guide (EPIC, 1988).",56,6,46,79,23h 50m 12s
16101,7292,https://comics.ha.com/c/item.zx?saleNo=7292&lotNo=16101,"Akira Kaneda and Kei Production Cel (Tokyo Movie Shinsha, 1988).",105,7,70,124,23h 50m 9s
16102,7292,https://comics.ha.com/c/item.zx?saleNo=7292&lotNo=16102,"Pokémon ""The Mystery Is History"" Ash, Pikachu, Togepi, Misty, and Brock Production Cel With ""What I Did for Love!"" Master Background (OLM, Inc., 2001/2006).",1150,37,111,191,23h 50m 6s
16103,7292,https://comics.ha.com/c/item.zx?saleNo=7292&lotNo=16103,"Pokémon: The First Movie Ash Ketchum Production Cel with ""Chikorita's Big Upset"" Master Background, Animation Drawing, and Layout Drawing (OLM, c. 1998/2000).",325,8,81,108,23h 50m 3s
16104,7292,https://comics.ha.com/c/item.zx?saleNo=7292&lotNo=16104,"Pokémon ""Fowl Play!"" Pikachu Thunderbolt Production Cel Setup with Group of 2 Douga (OLM, Inc., 2000)",390,18,95,129,23h 50m
16105,7292,https://comics.ha.com/c/item.zx?saleNo=7292&lotNo=16105,"Pokémon ""A Corsola Caper!"" Victreebel, James, Arbok, Meowth, and Jessie Production Cel with Production Background and Animation Drawing (OLM, 2001).",230,6,63,89,23h 49m 56s
16106,7292,https://comics.ha.com/c/item.zx?saleNo=7292&lotNo=16106,"Pokémon ""A Friend in Deed"" Meowth Production Cel Setup with Master Background (OLM, c. 1999).",222,5,68,109,23h 49m 52s
16107,7292,https://comics.ha.com/c/item.zx?saleNo=7292&lotNo=16107,"Pokémon ""Moving Pictures"" Pikachu Production Cel (OLM, c. 1997-2002).",250,11,115,104,23h 49m 49s
16108,7292,https://comics.ha.com/c/item.zx?saleNo=7292&lotNo=16108,"Pokémon ""To Master the Onixpected!"" Jessie and James Production Cel with Animation Drawing (OLM, 1999).",255,7,100,188,23h 49m 45s
16109,7292,https://comics.ha.com/c/item.zx?saleNo=7292&lotNo=16109,"Pokémon ""Pokémon Shipwreck"" Jessie and Meowth Production Cel (OLM, Inc., 1997).",56,6,61,49,23h 49m 42s
16110,7292,https://comics.ha.com/c/item.zx?saleNo=7292&lotNo=16110,"Pokémon Ash Ketchum and Pikachu Production Cel (OLM, Inc., c. 1997-2002).",330,20,85,94,23h 49m 38s
16111,7292,https://comics.ha.com/c/item.zx?saleNo=7292&lotNo=16111,"Pokémon Meowth Production Cel (OLM, Inc., c. 1997-2002).",68,4,49,46,23h 49m 35s
16112,7292,https://comics.ha.com/c/item.zx?saleNo=7292&lotNo=16112,"Pokémon ""Tentacool & Tentacruel"" Season 1 Pikachu and Pidgeotto Production Cel (OLM, Inc., 1997).",140,6,67,62,23h 49m 32s
16113,7292,https://comics.ha.com/c/item.zx?saleNo=7292&lotNo=16113,"Pokémon ""Tentacool and Tentacruel"" Pikachu, Horsea, Misty, Ash, and Brock Production Cel Setup with Key Master Background and Animation Drawing Group of 4 (OLM, 1997).",115,8,61,83,23h 49m 28s
16114,7292,https://comics.ha.com/c/item.zx?saleNo=7292&lotNo=16114,"Pokémon ""An EGG-sighting Adventure!"" Misty, Togepi, Ash, Brock, and Pikachu Production Cel and Animation Drawing Group of 4 (OLM, c. 1997-2001).",165,8,65,69,23h 49m 25s
16115,7292,https://comics.ha.com/c/item.zx?saleNo=7292&lotNo=16115,"Pokémon Ash Production Cel (OLM, c. 1997-2002).",330,10,96,140,23h 49m 22s
16116,7292,https://comics.ha.com/c/item.zx?saleNo=7292&lotNo=16116,"Sailor Moon Sailor Moon, Sailor Jupiter and Sailor Pluto Production Cel (Toei Animation, c. 1992-97).",7,3,50,80,23h 49m 19s
16117,7292,https://comics.ha.com/c/item.zx?saleNo=7292&lotNo=16117,"Sailor Moon Sailor Stars Sailor Moon Production Cel (Toei Animation, c. 1996-97).",84,11,59,111,23h 49m 16s
16118,7292,https://comics.ha.com/c/item.zx?saleNo=7292&lotNo=16118,"Sailor Moon ""I Want Power: Mako Lost in Thought"" Pan Production Cel Setup with Key Master Background and Animation Drawing Group of 6 (Toei Animation, c. 1991-97).",2,2,27,38,23h 49m 13s
16119,7292,https://comics.ha.com/c/item.zx?saleNo=7292&lotNo=16119,"Sailor Moon Production Cel with Animation Drawing (Toei Animation, c. 1992-97).",105,11,78,286,23h 49m 10s
16120,7292,https://comics.ha.com/c/item.zx?saleNo=7292&lotNo=16120,"Sailor Moon Sailor Moon and Sailor Chibi Moon Production Cel (Toei Animation, 1992-97).",5,4,45,58,23h 49m 6s
16121,7292,https://comics.ha.com/c/item.zx?saleNo=7292&lotNo=16121,"Sailor Moon Production Cel with Custom Painted Background (Toei Animation, c. 1992-97).",160,5,49,68,23h 49m 3s
16122,7292,https://comics.ha.com/c/item.zx?saleNo=7292&lotNo=16122,"Sailor Moon ""The Light of Hope: The Final Battle for the Galaxy"" Sailor Galaxia Production Cel and Animation Drawing (Toei Animation, c. 1992-97).",2,2,31,52,23h 49m
16123,7292,https://comics.ha.com/c/item.zx?saleNo=7292&lotNo=16123,"Sailor Moon ""Countdown to Destruction: The Sailor Guardians' Last Battle"" Sailor Moon Production Cel (Toei Animation, c. 1992-97).",3,2,37,69,23h 48m 57s
16124,7292,https://comics.ha.com/c/item.zx?saleNo=7292&lotNo=16124,"Sailor Moon Sailor Venus and Sailor Moon Production Cel (Toei Animation, c. 1996).",3,3,38,51,23h 48m 54s
16125,7292,https://comics.ha.com/c/item.zx?saleNo=7292&lotNo=16125,"Sailor Moon SuperS ""Chibi-Usa's Little Rhapsody of Love"" Sailor Chibi Moon and Pegasus Production Cel (Toei Animation, 1996).",6,3,33,89,23h 48m 51s
16126,7292,https://comics.ha.com/c/item.zx?saleNo=7292&lotNo=16126,"Sailor Moon Sailor Stars Episode 18 Group Shot Production Cel (Toei Animation, c. 1996-97).",3,3,40,110,23h 48m 48s
16127,7292,https://comics.ha.com/c/item.zx?saleNo=7292&lotNo=16127,"Sailor Moon Sailor Stars Sailor Moon Production Cel (Toei Animation, c. 1996-97).",56,4,94,203,23h 48m 44s
16128,7292,https://comics.ha.com/c/item.zx?saleNo=7292&lotNo=16128,"Dragon Ball Z Goku Production Cel with Painted Background (Toei Animation, c. 1989-96).",360,6,62,120,23h 48m 41s
16129,7292,https://comics.ha.com/c/item.zx?saleNo=7292&lotNo=16129,"Dragon Ball Goku Production Cel with Production Background (Toei Animation, c. 1986-89).",56,6,64,100,23h 48m 38s
16130,7292,https://comics.ha.com/c/item.zx?saleNo=7292&lotNo=16130,"Dragon Ball Episode 139 Goku Production Cel with Painted Background (Toei Animation, 1988).",430,4,66,144,23h 48m 35s
16131,7292,https://comics.ha.com/c/item.zx?saleNo=7292&lotNo=16131,"Dragon Ball Final Episode Goku Production Cel with Custom-Painted Background (Toei Animation, 1989).",105,4,68,259,23h 48m 31s
16132,7292,https://comics.ha.com/c/item.zx?saleNo=7292&lotNo=16132,"Dragon Ball Z Episode 1 Gohan Production Cel with Production Background (Toei Animation, 1989).",130,3,67,121,23h 48m 28s
16133,7292,https://comics.ha.com/c/item.zx?saleNo=7292&lotNo=16133,"Dragon Ball Z Gohan Production Cel with Animation Drawing (Toei Animation, c. 1989-96).",50,2,37,43,23h 48m 25s
16134,7292,https://comics.ha.com/c/item.zx?saleNo=7292&lotNo=16134,"Dragon Ball Z Bulma Pan Production Cel and Production Background (Toei Animation, c. 1989-1994).",21,2,45,75,23h 48m 22s
16135,7292,https://comics.ha.com/c/item.zx?saleNo=7292&lotNo=16135,"Dragon Ball Z: Dead Zone Goku Production Cel with Key Master Background (Toei Animation, 1989).",60,6,58,99,23h 48m 19s
16136,7292,https://comics.ha.com/c/item.zx?saleNo=7292&lotNo=16136,"Dragon Ball Z Frieza Production Cel with Painted Background and Animation Drawing (Toei Animation, c. 1989-96).",130,6,60,107,23h 48m 16s
16137,7292,https://comics.ha.com/c/item.zx?saleNo=7292&lotNo=16137,"Dragon Ball Z Super Saiyan Goku Production Cel with Custom Background and Animation Drawing (Toei Animation, c. 1989-96).",155,5,67,85,23h 48m 13s
16138,7292,https://comics.ha.com/c/item.zx?saleNo=7292&lotNo=16138,"Dragon Ball Z Episode 104 Raditz, Vegeta, and Nappa Production Cel with Animation Drawing Group of 2 (Toei Animation, 1991).",820,7,60,106,23h 48m 10s
16139,7292,https://comics.ha.com/c/item.zx?saleNo=7292&lotNo=16139,"Dragon Ball Z Episode 34 Vegeta Production Cel with Production Background (Toei Animation, 1990).",1700,12,75,198,23h 48m 7s
16140,7292,https://comics.ha.com/c/item.zx?saleNo=7292&lotNo=16140,"Dragon Ball Z Cell Production Cel and Animation Drawing (Toei Animation, c. 1992-96).",130,5,50,94,23h 48m 3s
16141,7292,https://comics.ha.com/c/item.zx?saleNo=7292&lotNo=16141,"Dragon Ball Z Super Saiyan Goku Production Cel Setup with Production Background (Toei Animation, c. 1989-96).",210,7,52,71,23h 48m
16142,7292,https://comics.ha.com/c/item.zx?saleNo=7292&lotNo=16142,"Dragon Ball Z: Cooler's Revenge Piccolo, Gohan, Cooler's Armored Squadron Publicity Cel with Production Background (Toei Animation, 1991).",575,4,40,77,23h 47m 57s
16143,7292,https://comics.ha.com/c/item.zx?saleNo=7292&lotNo=16143,"Dragon Ball Z Episode 277 Majin Buu Production Cel (Toei Animation, 1995).",160,7,53,96,23h 47m 54s
16144,7292,https://comics.ha.com/c/item.zx?saleNo=7292&lotNo=16144,"Dragon Ball Z Episode 280 Goku and Buu Production Cel with Custom Painted Background and Animation Drawing (Toei Animation, 1995).",1050,15,53,92,23h 47m 51s
16145,7292,https://comics.ha.com/c/item.zx?saleNo=7292&lotNo=16145,"Dragon Ball GT Goku Production Cel with Production Background (Toei Animation, c. 1996-97).",130,3,44,54,23h 47m 48s
16146,7292,https://comics.ha.com/c/item.zx?saleNo=7292&lotNo=16146,"My Neighbor Totoro Totoro Production Cel (Studio Ghibli, 1988).",1550,15,258,1024,23h 47m 45s
16147,7292,https://comics.ha.com/c/item.zx?saleNo=7292&lotNo=16147,"Nausicaä of the Valley of the Wind Nausicaä, Teto and Phaeacians Production Cel and Animation Drawing (Topcraft, 1984).",350,12,156,414,23h 47m 42s
16148,7292,https://comics.ha.com/c/item.zx?saleNo=7292&lotNo=16148,"Castle in the Sky Sheeta and Pazu Production Cel with Production Background (Studio Ghibli, 1986).",825,25,84,132,23h 47m 39s
17082,7292,https://comics.ha.com/c/item.zx?saleNo=7292&lotNo=17082,"Bugs Bunny Cartoon Revue One Sheet Poster (Warner Brothers, 1953).",101,4,14,34,22h 52m 20s
17083,7292,https://comics.ha.com/c/item.zx?saleNo=7292&lotNo=17083,"Upswept Hare Bugs Bunny Production Cel and Custom Painted Background (Warner Brothers, 1953/1997).",105,5,40,104,22h 52m 16s
17084,7292,https://comics.ha.com/c/item.zx?saleNo=7292&lotNo=17084,"Robot Rabbit Bugs Bunny Production Cel with Custom Painted Background (Warner Brothers, 1953/1996).",105,4,23,49,22h 52m 10s
17085,7292,https://comics.ha.com/c/item.zx?saleNo=7292&lotNo=17085,"Robot Rabbit Bugs Bunny and Elmer Fudd Production Cels with Custom Painted Backgrounds (Warner Brothers, 1953/1998).",260,5,32,84,22h 52m 5s
17086,7292,https://comics.ha.com/c/item.zx?saleNo=7292&lotNo=17086,"Bugs and Thugs Bugs Bunny Production Cel (Warner Brothers, 1954).",105,3,46,77,22h 52m
17087,7292,https://comics.ha.com/c/item.zx?saleNo=7292&lotNo=17087,"Dog Pounded 63-Inch Pan Production Background by Irv Wyner (Warner Brothers, 1954).",260,7,18,79,22h 51m 55s
17088,7292,https://comics.ha.com/c/item.zx?saleNo=7292&lotNo=17088,"Roman Legion-Hare Production Background by Irv Wyner (Warner Brothers, 1955).",1050,7,26,192,22h 51m 50s
17089,7292,https://comics.ha.com/c/item.zx?saleNo=7292&lotNo=17089,"Sandy Claws Production Background by Irv Wyner (Warner Brothers, 1955).",525,7,22,94,22h 51m 45s
17090,7292,https://comics.ha.com/c/item.zx?saleNo=7292&lotNo=17090,"Sandy Claws Production Background by Irv Wyner (Warner Brothers, 1955).",430,13,23,134,22h 51m 40s
17091,7292,https://comics.ha.com/c/item.zx?saleNo=7292&lotNo=17091,"Roman Legion-Hare Bugs Bunny Production Cel and Master Background (Warner Brothers, 1955).",925,12,55,156,22h 51m 35s
17092,7292,https://comics.ha.com/c/item.zx?saleNo=7292&lotNo=17092,"Michigan J. Frog Publicity Cel and Painted Background (Warner Brothers, 1991).",0,0,40,64,22h 51m 29s
17040,7292,https://comics.ha.com/c/item.zx?saleNo=7292&lotNo=17040,"Yogi Bear Christmas Specialty Signed Original Art Given to Bill Hanna and Joe Barbera (Hanna-Barbera, 1959).",470,8,21,97,23h  16s
17041,7292,https://comics.ha.com/c/item.zx?saleNo=7292&lotNo=17041,"The Ruff & Reddy Show Ruff and Reddy Title Concept Drawing by Dick Bickenbach (Hanna-Barbera, c. 1957).",240,4,18,67,23h  12s
17042,7292,https://comics.ha.com/c/item.zx?saleNo=7292&lotNo=17042,"Huckleberry Hound "" Science Friction"" Title Cel Setup with Key Master Background and Main Title Sheet (Hanna-Barbera, 1960).",210,4,34,90,23h  8s
17043,7292,https://comics.ha.com/c/item.zx?saleNo=7292&lotNo=17043,"Pixie and Dixie and Mr. Jinks ""Kind to Meeces Week"" Title Cel with Key Master Background and Studio Title Sheet (Hanna-Barbera, 1960).",410,7,27,83,23h  4s
17044,7292,https://comics.ha.com/c/item.zx?saleNo=7292&lotNo=17044,"The Yogi Bear Show ""Touch and Go-Go-Go"" Yogi Bear Title Cel Setup with Key Master Background (Hanna-Barbera, 1961).",410,4,38,73,23h
17045,7292,https://comics.ha.com/c/item.zx?saleNo=7292&lotNo=17045,"Huckleberry Hound and Yogi Bear ""Personal Appearance"" Show Poster (Hanna-Barbera, 1961).",0,0,4,44,22h 59m 56s
17046,7292,https://comics.ha.com/c/item.zx?saleNo=7292&lotNo=17046,"Huckleberry Hound Oversized Head Display (Hanna-Barbera, c. 1960s-70s).",1,1,15,49,22h 59m 52s
17047,7292,https://comics.ha.com/c/item.zx?saleNo=7292&lotNo=17047,"The Jetsons Six-Character Publicity Cel and Hand-Painted Background (Hanna-Barbera, 1962-80s).",58,4,40,72,22h 59m 48s
17048,7292,https://comics.ha.com/c/item.zx?saleNo=7292&lotNo=17048,"The Jetsons Opening Title Sequence George Jetson Production Cel (Hanna-Barbera, 1962).",66,2,49,104,22h 59m 36s
17049,7292,https://comics.ha.com/c/item.zx?saleNo=7292&lotNo=17049,"The Jetsons Full Main Cast Publicity Cel with Master Background (Hanna-Barbera, c. 1985).",32,2,34,55,22h 59m 33s
17050,7292,https://comics.ha.com/c/item.zx?saleNo=7292&lotNo=17050,"The Jetsons Script Cover Cel for Unproduced Live-Action Film Signed by Five Jetsons Voice Actors (Hanna-Barbera, 1985).",26,3,36,81,22h 59m 29s
16161,7292,https://comics.ha.com/c/item.zx?saleNo=7292&lotNo=16161,"My Neighbor Totoro Mei and Tadpoles Production Cel and Animation Drawing (Studio Ghibli, 1988).",130,5,61,68,23h 28m 32s
16162,7292,https://comics.ha.com/c/item.zx?saleNo=7292&lotNo=16162,"My Neighbor Totoro Bus and the Kusakabe Family's Car Production Cels (Studio Ghibli, 1988).",300,7,88,123,23h 28m 27s
16163,7292,https://comics.ha.com/c/item.zx?saleNo=7292&lotNo=16163,"My Neighbor Totoro Satsuki Production Cel (Studio Ghibli, 1988).",31,8,70,59,23h 28m 20s
16164,7292,https://comics.ha.com/c/item.zx?saleNo=7292&lotNo=16164,"My Neighbor Totoro Mei Production Cel (Studio Ghibli, 1988).",155,8,63,44,23h 28m 14s
16165,7292,https://comics.ha.com/c/item.zx?saleNo=7292&lotNo=16165,"My Neighbor Totoro Satsuki and Mei Production Cel and Animation Drawing (Studio Ghibli, 1988).",56,4,53,26,23h 28m 7s
16166,7292,https://comics.ha.com/c/item.zx?saleNo=7292&lotNo=16166,"My Neighbor Totoro Satsuki, Mei, and Granny Production Cel with Custom Painted Background (Studio Ghibli, 1988).",130,5,126,573,23h 28m 1s
16167,7292,https://comics.ha.com/c/item.zx?saleNo=7292&lotNo=16167,"My Neighbor Totoro Totoro Production Cel (Studio Ghibli, 1988).",2600,15,185,375,23h 27m 55s
16168,7292,https://comics.ha.com/c/item.zx?saleNo=7292&lotNo=16168,"My Neighbor Totoro Opening Titles Production Cel (Studio Ghibli, 1988).",625,13,136,165,23h 27m 49s
16169,7292,https://comics.ha.com/c/item.zx?saleNo=7292&lotNo=16169,"Kiki's Delivery Service Kiki and Jiji Production Cel and Animation Drawing (Studio Ghibli, 1989).",3000,9,220,853,23h 27m 43s
16170,7292,https://comics.ha.com/c/item.zx?saleNo=7292&lotNo=16170,"Kiki's Delivery Service Kiki Production Cel and Animation Drawing (Studio Ghibli, 1989).",330,8,63,73,23h 27m 37s
16171,7292,https://comics.ha.com/c/item.zx?saleNo=7292&lotNo=16171,"Kiki's Delivery Service Kiki and Okino Production Cel (Studio Ghibli, 1989).",92,4,37,48,23h 27m 31s
16172,7292,https://comics.ha.com/c/item.zx?saleNo=7292&lotNo=16172,"Kiki's Delivery Service Kiki and Jiji Production Cel with Production Background (Studio Ghibli, 1989).",725,17,112,165,23h 27m 25s
16173,7292,https://comics.ha.com/c/item.zx?saleNo=7292&lotNo=16173,"Kiki's Delivery Service Potpie Girl Production Cel (Studio Ghibli, 1989).",12,2,59,47,23h 27m 19s
16174,7292,https://comics.ha.com/c/item.zx?saleNo=7292&lotNo=16174,"Kiki's Delivery Service Kiki Production Cel (Studio Ghibli, 1990).",430,17,94,118,23h 27m 13s
16175,7292,https://comics.ha.com/c/item.zx?saleNo=7292&lotNo=16175,"Kiki's Delivery Service Kiki Production Cel (Studio Ghibli, 1989).",230,8,66,80,23h 27m 3s
16176,7292,https://comics.ha.com/c/item.zx?saleNo=7292&lotNo=16176,"Kiki's Delivery Service Kiki Production Cel (Studio Ghibli, 1989).",555,10,95,126,23h 26m 54s
16177,7292,https://comics.ha.com/c/item.zx?saleNo=7292&lotNo=16177,"Only Yesterday Taeko Okajima Production Cel (Studio Ghibli, 1991).",1,1,29,61,23h 26m 48s
16178,7292,https://comics.ha.com/c/item.zx?saleNo=7292&lotNo=16178,"Porco Rosso Porco's Plane Production Cel (Studio Ghibli, 1992).",130,11,66,118,23h 26m 42s
16179,7292,https://comics.ha.com/c/item.zx?saleNo=7292&lotNo=16179,"Porco Rosso Fio Piccolo Production Cel (Studio Ghibli, 1992).",0,0,31,73,23h 26m 36s
16180,7292,https://comics.ha.com/c/item.zx?saleNo=7292&lotNo=16180,"Porco Rosso Fio Piccolo Production Cel (Studio Ghibli, 1992).",0,0,59,160,23h 26m 29s
16181,7292,https://comics.ha.com/c/item.zx?saleNo=7292&lotNo=16181,"Porco Rosso School Girls Production Cel (Studio Ghibli, 1992).",270,8,48,95,23h 26m 23s
16182,7292,https://comics.ha.com/c/item.zx?saleNo=7292&lotNo=16182,"Porco Rosso Donald Curtis Production Cel (Studio Ghibli, 1992).",2,2,40,44,23h 26m 17s
16183,7292,https://comics.ha.com/c/item.zx?saleNo=7292&lotNo=16183,"Porco Rosso Porco and Mr. Piccolo Production Cel (Studio Ghibli, 1992).",31,3,83,110,23h 26m 11s
16184,7292,https://comics.ha.com/c/item.zx?saleNo=7292&lotNo=16184,"Porco Rosso Fio Piccolo Production Cel Setup (Studio Ghibli, c. 1992).",100,2,101,201,23h 26m 5s
16185,7292,https://comics.ha.com/c/item.zx?saleNo=7292&lotNo=16185,"Pom Poko Tamasaburo Production Cel (Studio Ghibli, 1994).",56,4,29,31,23h 25m 59s
16186,7292,https://comics.ha.com/c/item.zx?saleNo=7292&lotNo=16186,"Pom Poko Shokichi Production Cel (Studio Ghibli, 1994).",52,3,27,22,23h 25m 53s
16187,7292,https://comics.ha.com/c/item.zx?saleNo=7292&lotNo=16187,"Pom Poko Oroku Production Cel (Studio Ghibli, 1994).",1,1,31,42,23h 25m 47s
16188,7292,https://comics.ha.com/c/item.zx?saleNo=7292&lotNo=16188,"Pom Poko Ponkichi Production Cel (Studio Ghibli, 1994).",21,2,28,31,23h 25m 41s
16189,7292,https://comics.ha.com/c/item.zx?saleNo=7292&lotNo=16189,"Princess Mononoke French Movie Poster Signed by Hayao Miyazaki (Studio Ghibli, 1997).",800,20,105,218,23h 25m 35s
16190,7292,https://comics.ha.com/c/item.zx?saleNo=7292&lotNo=16190,"Princess Mononoke San and Okkoto 4-Layer Production Cel Master Setup (Studio Ghibli, 1997).",525,12,100,225,23h 25m 29s
16191,7292,https://comics.ha.com/c/item.zx?saleNo=7292&lotNo=16191,"Princess Mononoke Lady Eboshi Production Cel (Studio Ghibli, 1997).",340,7,88,100,23h 25m 23s
16192,7292,https://comics.ha.com/c/item.zx?saleNo=7292&lotNo=16192,"Princess Mononoke Kodama Production Cel (Studio Ghibli, 1997).",2100,12,112,173,23h 25m 18s
16193,7292,https://comics.ha.com/c/item.zx?saleNo=7292&lotNo=16193,"Princess Mononoke Ashitaka Production Cel (Studio Ghibli, 1997).",75,5,48,43,23h 25m 12s
16194,7292,https://comics.ha.com/c/item.zx?saleNo=7292&lotNo=16194,"Princess Mononoke Moro's Son Production Cel (Studio Ghibli, 1997).",250,15,84,87,23h 25m 6s
16195,7292,https://comics.ha.com/c/item.zx?saleNo=7292&lotNo=16195,"Princess Mononoke San Production Cel (Studio Ghibli, 1997).",450,10,88,116,23h 25m
16196,7292,https://comics.ha.com/c/item.zx?saleNo=7292&lotNo=16196,"Princess Mononoke ""San and Her Brother Wolves"" Limited Edition Sericel #6/250 (Studio Ghibli, 1999).",525,9,142,265,23h 24m 54s
16197,7292,https://comics.ha.com/c/item.zx?saleNo=7292&lotNo=16197,"Princess Mononoke Ashitaka and Yakul Limited Edition Sericel #173/250 (Studio Ghibli, 1999).",130,7,93,138,23h 24m 48s
16198,7292,https://comics.ha.com/c/item.zx?saleNo=7292&lotNo=16198,"My Neighbor Totoro Catbus Production Cel (Studio Ghibli, 1988).",3600,28,188,360,23h 24m 42s
16199,7292,https://comics.ha.com/c/item.zx?saleNo=7292&lotNo=16199,"Osamu Tezuka - Flying Ben Story Page Original Art (Shonen Book/Kodansha, c. 1966-67).",105,6,43,135,23h 24m 35s
16200,7292,https://comics.ha.com/c/item.zx?saleNo=7292&lotNo=16200,"Gigantor Gigantor, Jimmy Sparks, Dr. Bob Brilliant, and Dick Strong Production Cel with Master Background, Group of 3 (TCJ, c. 1963-66).",1,1,15,76,23h 24m 30s
16201,7292,https://comics.ha.com/c/item.zx?saleNo=7292&lotNo=16201,"Gigantor Jimmy Sparks and Inspector Blooper Production Cel with Master Background, Group of 2 (TCJ, c. 1963-66).",0,0,9,52,23h 24m 23s
16202,7292,https://comics.ha.com/c/item.zx?saleNo=7292&lotNo=16202,"Speed Racer ""Knives of the Mach 5"" Limited Edition Cel AP#18/20 Signed by Corinne Orr and Peter Fernandez (Speed Racer Enterprises, 1994).",86,2,33,107,23h 24m 17s
16203,7292,https://comics.ha.com/c/item.zx?saleNo=7292&lotNo=16203,"Speed Racer ""The Car Destroyer"" Limited Edition Cel AP#20/25 (Speed Racer Enterprises, 1994).",1,1,33,103,23h 24m 11s
16204,7292,https://comics.ha.com/c/item.zx?saleNo=7292&lotNo=16204,"Speed Racer Racer X Painting by Jonathan Leaser (Speed Racer Enterprises, c. 2000's).",1,1,31,88,23h 24m 4s
16205,7292,https://comics.ha.com/c/item.zx?saleNo=7292&lotNo=16205,"Speed Racer ""The Desperate Racer"" Speed Racer and Thugs Production Cel with Custom Background (Tatsunoko Productions, c. 1966-68).",230,4,49,133,23h 23m 58s
16206,7292,https://comics.ha.com/c/item.zx?saleNo=7292&lotNo=16206,"Science Ninja Team Gatchaman Ken The Eagle Promotional Cel with Custom Painted Background (Tatsunoko Productions, c. 1972-74).",120,5,42,60,23h 23m 52s
16207,7292,https://comics.ha.com/c/item.zx?saleNo=7292&lotNo=16207,"Gatchaman ""The Final Countdown"" Production Cel Setup with Key Master Background and Animation Drawing Group of 5 (Tatsunoko Productions, c. 1994-95).",22,5,32,76,23h 23m 46s
16208,7292,https://comics.ha.com/c/item.zx?saleNo=7292&lotNo=16208,"Captain Future Joan Landor and Aliens Pan Production Cel with Production Background (Toei Animation, c. 1978-79).",1,1,12,34,23h 23m 40s
16209,7292,https://comics.ha.com/c/item.zx?saleNo=7292&lotNo=16209,"Astro Boy Production Cel and Animation Drawing (Tezuka Productions, c. 1980-81).",56,9,47,53,23h 23m 34s
16210,7292,https://comics.ha.com/c/item.zx?saleNo=7292&lotNo=16210,"Astro Boy: Tale of the Blue Knight Production Cel (Tezuka Productions, 1999).",1,1,29,32,23h 23m 27s
16211,7292,https://comics.ha.com/c/item.zx?saleNo=7292&lotNo=16211,"Doraemon Production Cel with Production Background (Shin-Ei Animation, c. 1979-2005).",3,2,28,38,23h 23m 21s
16212,7292,https://comics.ha.com/c/item.zx?saleNo=7292&lotNo=16212,"Doraemon Doraemon Production Cel with Production Background (Shin-Ei Animation, c. 1979-2005).",0,0,25,33,23h 23m 15s
16213,7292,https://comics.ha.com/c/item.zx?saleNo=7292&lotNo=16213,"Super Dimension Fortress Macross ""Burst Point"" Hikaru Ichijyo Production Cel (Tatsunoko Production, c. 1982-83).",105,11,31,61,23h 23m 9s
16214,7292,https://comics.ha.com/c/item.zx?saleNo=7292&lotNo=16214,"Super Dimension Fortress Macross Hikaru Ichijyo Illustration by Narumi Kakinochi (Tatsunoko Production, 1983).",52,2,17,61,23h 23m 3s
16215,7292,https://comics.ha.com/c/item.zx?saleNo=7292&lotNo=16215,"Macross 7 Episode 11 Lynn Minmay Production Cel and Animation Drawing (Ashi Productions, 1994).",82,5,42,106,23h 22m 57s
16216,7292,https://comics.ha.com/c/item.zx?saleNo=7292&lotNo=16216,"Mobile Suit Gundam Char Aznable Production Cel (Sunrise, c. 1979-80).",16,2,62,78,23h 22m 51s
16217,7292,https://comics.ha.com/c/item.zx?saleNo=7292&lotNo=16217,"Mobile Suit Zeta Gundam RMS-106 Hizack Production Cel Setup with Production Background and Animation Drawing (Sunrise, c. 1985-86).",3,2,22,37,23h 22m 44s
16218,7292,https://comics.ha.com/c/item.zx?saleNo=7292&lotNo=16218,Mobile Suit Zeta Gundam RX-178 Gundam Mk-II Publicity Hanken Cel (Sunrise c. 1985-86).,115,11,38,83,23h 22m 38s
16219,7292,https://comics.ha.com/c/item.zx?saleNo=7292&lotNo=16219,"All That Gundam Scale Model Series Publicity Hanken Cel (Sunrise/B-Club, c. 1989).",150,7,29,78,23h 22m 32s
16220,7292,https://comics.ha.com/c/item.zx?saleNo=7292&lotNo=16220,"Mobile Suit Gundam F91 RGM-89M Jegan B-Type, F91 Gundam F91, and XM-06 Daghi Iris Pan Production Cel with Production Background (Sunrise, 1991).",52,5,30,118,23h 22m 26s
16221,7292,https://comics.ha.com/c/item.zx?saleNo=7292&lotNo=16221,"Mobile Suit Gundam 0083: Stardust Memory RX-78GP02A ""Physalis"" and RX-78GP01 ""Zephyranthes"" Publicity Hanken Cel (Sunrise, c. 1991-1992).",155,9,26,72,23h 22m 20s
16222,7292,https://comics.ha.com/c/item.zx?saleNo=7292&lotNo=16222,"Mobile Fighter G Gundam Episode 49 Domon Kasshu, Rain Mikamura, and God Gundam Production Cel Setup with Master Background and Animation Drawing (Sunrise, 1995).",36,3,33,345,23h 22m 14s
16223,7292,https://comics.ha.com/c/item.zx?saleNo=7292&lotNo=16223,"Mobile Suit Gundam Wing Project 03 Relena Darlian and Heero Yuy Cover Publicity Hanken Cel and Manga Volume (Sunrise/Carrot Publishing, 1996).",25,3,21,38,23h 22m 7s
16224,7292,https://comics.ha.com/c/item.zx?saleNo=7292&lotNo=16224,"Gundam Wing: Endless Waltz XXXG-01S2 Altron Gundam Production Cel with Production Background (Sunrise, 1997).",36,3,32,68,23h 22m 1s
16225,7292,https://comics.ha.com/c/item.zx?saleNo=7292&lotNo=16225,"Urusei Yatsura Episode 1 Lum Invader Production Cel (Kitty Films, c. 1981-86).",440,22,33,110,23h 21m 55s
16226,7292,https://comics.ha.com/c/item.zx?saleNo=7292&lotNo=16226,"Dirty Pair ""Criados' Heartbeat!"" Kei Production Cel with Key Master Background (Sunrise, 1985).",0,0,7,30,23h 21m 49s
16227,7292,https://comics.ha.com/c/item.zx?saleNo=7292&lotNo=16227,"Lupin III: The Legend of the Gold of Babylon Lupin Production Cel and Animation Drawing (Tokyo Movie Shinsha, 1985).",52,3,43,110,23h 21m 42s
16228,7292,https://comics.ha.com/c/item.zx?saleNo=7292&lotNo=16228,"Angel's Egg Production Cel (Studio Deen, 1985).",1,1,20,76,23h 21m 36s
16229,7292,https://comics.ha.com/c/item.zx?saleNo=7292&lotNo=16229,"Gunbuster Episode 6 Production Cel and Animation Drawing (Gainax, 1988).",3,2,26,173,23h 21m 30s
16230,7292,https://comics.ha.com/c/item.zx?saleNo=7292&lotNo=16230,"Saint Seiya: Legend of Crimson Youth Pegasus Seiya Production Cel and Animation Drawing Group of 11 (Toei Animation, 1988).",72,4,29,99,23h 21m 24s
16231,7292,https://comics.ha.com/c/item.zx?saleNo=7292&lotNo=16231,"Bubblegum Crisis ""Moonlight Rambler"" Sylvie and Anri Production Cel (Artmic, 1988).",0,0,12,49,23h 21m 18s
16232,7292,https://comics.ha.com/c/item.zx?saleNo=7292&lotNo=16232,"Appleseed Deunan and Briareos Pan Production Cel Setup with Key Master Background (Gainax, 1988).",26,2,17,59,23h 21m 11s
16233,7292,https://comics.ha.com/c/item.zx?saleNo=7292&lotNo=16233,"Black Jack ""The Owl of San Merida"" Pinoko, Black Jack, and Ernesto Pan Production Cel Setup with Key Master Background and Animation Drawing Group of 6 (Tezuka Productions, 1993).",1,1,16,22,23h 21m 4s
16234,7292,https://comics.ha.com/c/item.zx?saleNo=7292&lotNo=16234,"Black Jack ""The Carbuncle"" Production Cel and Animation Drawing (Tezuka Productions, 2000).",2,2,14,477,23h 20m 57s
16235,7292,https://comics.ha.com/c/item.zx?saleNo=7292&lotNo=16235,"JoJo's Bizarre Adventure ""D'arby the Gambler"" Jotaro Kujo Production Cel and Animation Drawing with Exposure Sheet (A.P.P.P., c. 1993-94).",80,7,32,69,23h 20m 51s
16236,7292,https://comics.ha.com/c/item.zx?saleNo=7292&lotNo=16236,"JoJo's Bizarre Adventure ""The Mist of Vengeance"" Jotaro Kujo Production Cel with Production Background (A.P.P.P., 1994).",60,5,36,92,23h 20m 45s
16237,7292,https://comics.ha.com/c/item.zx?saleNo=7292&lotNo=16237,"JoJo's Bizarre Adventure Episode 11 Dio Brando Pan Production Cel (A.P.P.P., c. 1993-94).",52,3,29,154,23h 20m 38s
16238,7292,https://comics.ha.com/c/item.zx?saleNo=7292&lotNo=16238,"The Irresponsible Captain Tylor Publicity Cel Setup with Original Drawing Group of 3 (Tatsunoko Productions, c. 1990s).",370,8,12,40,23h 20m 32s
16239,7292,https://comics.ha.com/c/item.zx?saleNo=7292&lotNo=16239,"Ranma ½ Ranma Saotome Production Cel with Production Background (Studio Deen, c. 1989-96).",23,4,22,46,23h 20m 26s
16240,7292,https://comics.ha.com/c/item.zx?saleNo=7292&lotNo=16240,"Rurouni Kenshin ""Run, Yahiko! Run, Yahiko! Get the Reverse-Edged Sword Back"" Pan Production Cel Setup with Key Master Background and Animation Drawing Group of 5 (Studio Gallop/Studio Deen, c. 1996-98).",180,7,22,57,23h 20m 20s
16241,7292,https://comics.ha.com/c/item.zx?saleNo=7292&lotNo=16241,"Ghost in the Shell Motoko Kusanagi Production Cel with Custom Painted Background and Animation Drawing (Production I.G., 1995).",1,1,47,135,23h 20m 14s
16242,7292,https://comics.ha.com/c/item.zx?saleNo=7292&lotNo=16242,"Ghost in the Shell Operator Production Cel with Production Background and Animation Drawing Group of 2 (Production I.G., 1995).",1,1,29,61,23h 20m 8s
16243,7292,https://comics.ha.com/c/item.zx?saleNo=7292&lotNo=16243,"Ghost in the Shell Puppet Master Production Cel with Production Background (Production I.G, 1995).",8,6,53,110,23h 20m 1s
16244,7292,https://comics.ha.com/c/item.zx?saleNo=7292&lotNo=16244,"Ghost in the Shell Motoko Kusanagi Production Cel with Master Background and Animation Drawing (Production I.G, 1995).",150,5,75,202,23h 19m 55s
16245,7292,https://comics.ha.com/c/item.zx?saleNo=7292&lotNo=16245,"Ghost in the Shell Motoko Kusanagi Production Cel and Animation Drawing (Production I.G, 1995).",11,4,51,121,23h 19m 49s
16246,7292,https://comics.ha.com/c/item.zx?saleNo=7292&lotNo=16246,"Ghost in the Shell Motoko Kusanagi Production Cel and Animation Drawing (Production I.G, 1995).",86,4,63,134,23h 19m 43s
16247,7292,https://comics.ha.com/c/item.zx?saleNo=7292&lotNo=16247,"Neon Genesis Evangelion Opening Title Sequence Shinji Ikari Production Cel and Animation Drawing (Gainax, c. 1995-96).",105,4,33,51,23h 19m 36s
16248,7292,https://comics.ha.com/c/item.zx?saleNo=7292&lotNo=16248,"Neon Genesis Evangelion ""Unfamiliar Ceilings"" Eva Unit 01 Production Cel and Animation Drawing (Gainax, 1996).",105,8,94,185,23h 19m 30s
16249,7292,https://comics.ha.com/c/item.zx?saleNo=7292&lotNo=16249,"Neon Genesis Evangelion ""Angel Attack"" Rei Production Cel (Gainax, c. 1995-96).",1,1,30,43,23h 19m 24s
16250,7292,https://comics.ha.com/c/item.zx?saleNo=7292&lotNo=16250,"Neon Genesis Evangelion ""Angel Attack"" Shinji and Gendo Ikari Production Cel and Animation Drawing Group of 3 (Gainax, c. 1995-96).",115,5,29,50,23h 19m 18s
16251,7292,https://comics.ha.com/c/item.zx?saleNo=7292&lotNo=16251,"Neon Genesis Evangelion ""Seele, the Seat of the Soul"" Asuka and Misato Production Cel (Gainax, c. 1995-96).",1,1,38,51,23h 19m 12s
16252,7292,https://comics.ha.com/c/item.zx?saleNo=7292&lotNo=16252,"Neon Genesis Evangelion ""The Magma Diver"" Asuka and Shinji Production Cel (Gainax, c. 1995-96).",3,2,30,38,23h 19m 5s
16253,7292,https://comics.ha.com/c/item.zx?saleNo=7292&lotNo=16253,"Neon Genesis Evangelion Opening Title Sequence Misato Production Cel and Animation Drawing (Gainax, c. 1995-96).",56,4,64,93,23h 18m 59s
16254,7292,https://comics.ha.com/c/item.zx?saleNo=7292&lotNo=16254,"Neon Genesis Evangelion ""Showdown in Tokyo-3"" Rei Ayanami Production Cel (Gainax, 1995).",1,1,44,53,23h 18m 53s
16255,7292,https://comics.ha.com/c/item.zx?saleNo=7292&lotNo=16255,"Neon Genesis Evangelion ""Mind, Matching, Moment"" Asuka Production Cel (Gainax, 1995).",56,4,41,69,23h 18m 46s
16256,7292,https://comics.ha.com/c/item.zx?saleNo=7292&lotNo=16256,"Neon Genesis Evangelion ""Mind, Matching, Moment"" Eva Unit 01 Production Cel with Painted Background (Gainax, c. 1995-96).",2400,5,108,301,23h 18m 40s
16257,7292,https://comics.ha.com/c/item.zx?saleNo=7292&lotNo=16257,"Neon Genesis Evangelion ""The Sickness unto Death, and Then..."" Misato Katsuragi Production Cel (Gainax, c. 1995-96).",36,3,43,63,23h 18m 34s
16258,7292,https://comics.ha.com/c/item.zx?saleNo=7292&lotNo=16258,"Neon Genesis Evangelion: Death and Rebirth Rei Production Cel (Gainax, c. 1997).",115,6,56,74,23h 18m 28s
16259,7292,https://comics.ha.com/c/item.zx?saleNo=7292&lotNo=16259,"Neon Genesis Evangelion ""A Man's Battle"" Asuka Production Cel (Gainax, c. 1995-96).",260,5,91,249,23h 18m 22s
16260,7292,https://comics.ha.com/c/item.zx?saleNo=7292&lotNo=16260,"Neon Genesis Evangelion: Death & Rebirth Rei Ayanami Production Cel and Animation Drawing (Gainax, c. 1997).",26,3,29,38,23h 18m 15s
16261,7292,https://comics.ha.com/c/item.zx?saleNo=7292&lotNo=16261,"Neon Genesis Evangelion ""Lies and Silence"" Rei Production Cel with Key Master Background (Gainax, c. 1995-96).",1,1,45,64,23h 18m 9s
16262,7292,https://comics.ha.com/c/item.zx?saleNo=7292&lotNo=16262,"Neon Genesis Evangelion ""Of the Shapes of Hearts and Humans"" Maya Ibuki Production Cel (Gainax, c. 1995-96).",1,1,24,37,23h 18m 3s
16263,7292,https://comics.ha.com/c/item.zx?saleNo=7292&lotNo=16263,"Neon Genesis Evangelion ""Mind, Matching, Moment"" Asuka Production Cel (Gainax, c. 1995-96).",1,1,26,48,23h 17m 56s
16264,7292,https://comics.ha.com/c/item.zx?saleNo=7292&lotNo=16264,"Neon Genesis Evangelion ""A Man's Battle"" Eva Unit 01 Production Cel (Gainax, c. 1995-96).",2,2,29,84,23h 17m 50s
16265,7292,https://comics.ha.com/c/item.zx?saleNo=7292&lotNo=16265,"Neon Genesis Evangelion ""A Man's Battle"" Eva Unit 01 Production Cel (Gainax, c. 1995-96).",11,3,35,96,23h 17m 44s
16266,7292,https://comics.ha.com/c/item.zx?saleNo=7292&lotNo=16266,"Neon Genesis Evangelion Shinji Ikari Production Cel with Production Background (Gainax, c. 1995-96).",1,1,28,27,23h 17m 37s
16267,7292,https://comics.ha.com/c/item.zx?saleNo=7292&lotNo=16267,"Neon Genesis Evangelion ""Moment and Heart Together"" Eva Unit 01 Production Cel with Production Background (Gainax, 1995).",625,6,60,95,23h 17m 31s
16268,7292,https://comics.ha.com/c/item.zx?saleNo=7292&lotNo=16268,"Neon Genesis Evangelion ""In the Still Darkness"" Eva Unit 01 Production Cel with Production Background (Gainax, 1995).",2,2,18,31,23h 17m 25s
16269,7292,https://comics.ha.com/c/item.zx?saleNo=7292&lotNo=16269,"Neon Genesis Evangelion ""Rei, Beyond the Heart"" Eva Unit 00 Production Cel with Production Background (Gainax, 1995).",11,2,24,32,23h 17m 19s
16270,7292,https://comics.ha.com/c/item.zx?saleNo=7292&lotNo=16270,"Neon Genesis Evangelion Eva Unit 00 Production Cel and Animation Drawing (Gainax, c. 1995-96).",11,2,23,106,23h 17m 12s
16271,7292,https://comics.ha.com/c/item.zx?saleNo=7292&lotNo=16271,"Neon Genesis Evangelion ""An Angel's Invasion"" Asuka Langley Soryu Production Cel (Gainax, 1996).",550,18,56,429,23h 17m 6s
16272,7292,https://comics.ha.com/c/item.zx?saleNo=7292&lotNo=16272,"Neon Genesis Evangelion ""At Least, Be Human"" Eva Unit 02 Production Cel (Gainax, 1996).",1,1,30,62,23h 17m
16273,7292,https://comics.ha.com/c/item.zx?saleNo=7292&lotNo=16273,"Neon Genesis Evangelion ""The Sickness Unto Death, and Then..."" Asuka Langley Soryu Production Cel with Production Background (Gainax, 1996).",1,1,24,53,23h 16m 53s
16274,7292,https://comics.ha.com/c/item.zx?saleNo=7292&lotNo=16274,"Neon Genesis Evangelion ""The Beast That Shouted 'I' at the Heart of the World"" Shinji Ikari Production Cel and Animation Drawing (Gainax, c. 1995-96).",11,4,19,51,23h 16m 47s
16275,7292,https://comics.ha.com/c/item.zx?saleNo=7292&lotNo=16275,"The End of Evangelion Shinji and Asuka Production Cel (Gainax, 1997).",5,3,19,33,23h 16m 40s
16276,7292,https://comics.ha.com/c/item.zx?saleNo=7292&lotNo=16276,"The End of Evangelion Asuka Production Cel (Gainax, 1997).",52,8,19,70,23h 16m 34s
16277,7292,https://comics.ha.com/c/item.zx?saleNo=7292&lotNo=16277,"The End of Evangelion Misato Katsuragi Production Cel (Gainax, 1997).",1150,5,57,129,23h 16m 27s
16278,7292,https://comics.ha.com/c/item.zx?saleNo=7292&lotNo=16278,"The End of Evangelion Misato and Shinji Production Cel (Gainax, 1997).",110,6,72,170,23h 16m 21s
16279,7292,https://comics.ha.com/c/item.zx?saleNo=7292&lotNo=16279,"The End of Evangelion Eva Unit 02 Pan Production Cel (Gainax, 1997).",1000,7,58,151,23h 16m 15s
16280,7292,https://comics.ha.com/c/item.zx?saleNo=7292&lotNo=16280,"The End of Evangelion Mass-Production Eva Production Cel and Animation Drawing (Gainax, 1997).",1,1,19,33,23h 16m 9s
16281,7292,https://comics.ha.com/c/item.zx?saleNo=7292&lotNo=16281,"The End of Evangelion Mass Production Eva Production Cel (Gainax, 1997).",1,1,21,80,23h 16m 3s
16282,7292,https://comics.ha.com/c/item.zx?saleNo=7292&lotNo=16282,"The End of Evangelion Eva Unit 02 Production Cel (Gainax, 1997).",140,6,31,135,23h 15m 57s
16283,7292,https://comics.ha.com/c/item.zx?saleNo=7292&lotNo=16283,"The End of Evangelion Eva Unit 01 Production Cel (Gainax, 1997).",1,1,33,96,23h 15m 50s
16284,7292,https://comics.ha.com/c/item.zx?saleNo=7292&lotNo=16284,"The End of Evangelion Lilith Production Cel and Animation Drawing (Gainax, 1997).",26,3,42,130,23h 15m 44s
16285,7292,https://comics.ha.com/c/item.zx?saleNo=7292&lotNo=16285,"The End of Evangelion Lilith Production Cel (Gainax, 1997).",56,3,62,154,23h 15m 38s
16286,7292,https://comics.ha.com/c/item.zx?saleNo=7292&lotNo=16286,"The End of Evangelion Asuka and Shinji Production Cel (Gainax, 1997).",210,6,39,103,23h 15m 32s
16287,7292,https://comics.ha.com/c/item.zx?saleNo=7292&lotNo=16287,"Golden Boy ""Computer Studies"" Madame President Production Cel Setup with Key Master Background and Animation Drawing Group of 6 (A.P.P.P., c. 1995-96).",0,0,30,92,23h 15m 25s
16288,7292,https://comics.ha.com/c/item.zx?saleNo=7292&lotNo=16288,"Golden Boy ""Computer Studies"" Kintaro Oe Pan Production Cel and Animation Drawing (A.P.P.P., c. 1995-96).",41,3,23,50,23h 15m 19s
16289,7292,https://comics.ha.com/c/item.zx?saleNo=7292&lotNo=16289,"Golden Boy ""Computer Studies"" Madame President Production Cel Setup with Key Master Background (A.P.P.P., 1995).",0,0,28,124,23h 15m 14s
16290,7292,https://comics.ha.com/c/item.zx?saleNo=7292&lotNo=16290,"Golden Boy ""Temptation of the Maiden"" Kintaro and Naoko Production Cel with Key Master Background and Layout Drawing (A.P.P.P., 1995",0,0,34,143,23h 15m 8s
16291,7292,https://comics.ha.com/c/item.zx?saleNo=7292&lotNo=16291,"Golden Boy Kintaro Oe Production Cel Setup with Key Master Background from Opening Title Sequence with Animation Drawing Group of 3 (A.P.P.P., 1995).",1,1,33,126,23h 15m 2s
16292,7292,https://comics.ha.com/c/item.zx?saleNo=7292&lotNo=16292,"Berserk Episode 1 Guts and Baron Production Cel (OLM, 1997).",725,11,70,1164,23h 14m 56s
16293,7292,https://comics.ha.com/c/item.zx?saleNo=7292&lotNo=16293,"Cardcaptor Sakura ""Sakura's Rival Appears"" Syaoran Li Production Cel with Production Background and Animation Drawing (Madhouse, 1998).",50,2,9,49,23h 14m 49s
16294,7292,https://comics.ha.com/c/item.zx?saleNo=7292&lotNo=16294,"Cardcaptor Sakura Sakura Kinomoto Production Cel with Production Background and Animation Drawing (Madhouse, c. 1998-2000).",50,2,13,53,23h 14m 43s
16295,7292,https://comics.ha.com/c/item.zx?saleNo=7292&lotNo=16295,"Cardcaptor Sakura Sakura Production Cel (Madhouse, c. 1998-2000).",0,0,10,25,23h 14m 37s
16296,7292,https://comics.ha.com/c/item.zx?saleNo=7292&lotNo=16296,"Cardcaptor Sakura Sakura Pan Production Cel and Animation Drawing (Madhouse, 1998-2000).",1,1,13,26,23h 14m 31s
16297,7292,https://comics.ha.com/c/item.zx?saleNo=7292&lotNo=16297,"Cardcaptor Sakura ""Sakura's Wonderful Christmas"" Sakura Production Cel Setup with Key Master Background and Layout Print (Madhouse, c. 1998-2000).",2,2,14,77,23h 14m 24s
16298,7292,https://comics.ha.com/c/item.zx?saleNo=7292&lotNo=16298,"Cardcaptor Sakura ""Sakura and the Big Teddy Bear"" Sakura Production Cel Setup with Key Master Background, Layout Drawing, and Animation Drawing, Group of 4 (Madhouse, c. 1998-2000).",1,1,13,31,23h 14m 18s
16299,7292,https://comics.ha.com/c/item.zx?saleNo=7292&lotNo=16299,"Trigun ""Under the Sky So Blue"" Vash the Stampede Production Cel with Key Master Background and Layout Drawing (Madhouse, 1998).",290,9,32,52,23h 14m 12s
16300,7292,https://comics.ha.com/c/item.zx?saleNo=7292&lotNo=16300,"Trigun Vash the Stampede Opening Title Production Cel and Animation Drawing (Madhouse, 1998).",300,7,43,80,23h 14m 6s
16301,7292,https://comics.ha.com/c/item.zx?saleNo=7292&lotNo=16301,"Cowboy Bebop ""Cowboy Funk"" Spike and Jet Production Cel Setup with Key Master Background (Sunrise, 1998).",625,8,101,221,23h 14m
16302,7292,https://comics.ha.com/c/item.zx?saleNo=7292&lotNo=16302,"Cowboy Bebop: The Movie Spike Spiegel Production Cel and Animation Drawing (Sunrise, 2001).",105,5,49,61,23h 13m 54s
16303,7292,https://comics.ha.com/c/item.zx?saleNo=7292&lotNo=16303,"Cowboy Bebop ""Jupiter Jazz Part 1"" Faye Valentine Production Cel and Animation Drawing (Sunrise, c. 1998-99).",105,4,67,75,23h 13m 48s
16304,7292,https://comics.ha.com/c/item.zx?saleNo=7292&lotNo=16304,"Cowboy Bebop Faye Valentine Production Cel (Sunrise, 1998).",21,6,57,49,23h 13m 41s
16305,7292,https://comics.ha.com/c/item.zx?saleNo=7292&lotNo=16305,"Cowboy Bebop ""Cowboy Funk"" Spike Spiegel Production Cel (Sunrise, 1998).",105,8,84,136,23h 13m 35s
16306,7292,https://comics.ha.com/c/item.zx?saleNo=7292&lotNo=16306,"Cowboy Bebop ""Jupiter Jazz Part 1"" Faye Valentine Production Cel and Animation Drawing (Sunrise, 1999).",92,8,95,132,23h 13m 29s
16307,7292,https://comics.ha.com/c/item.zx?saleNo=7292&lotNo=16307,"The Big O Episode 1 Big O and Dorothy-1 Production Cel with Production Background and Animation Drawing (Sunrise, 1999).",310,12,13,65,23h 13m 23s
16308,7292,https://comics.ha.com/c/item.zx?saleNo=7292&lotNo=16308,"The Big O Roger Smith Pan Production Cel with Master Background (Sunrise, c. 1999-2000).",525,16,16,78,23h 13m 17s
16309,7292,https://comics.ha.com/c/item.zx?saleNo=7292&lotNo=16309,"The Big O Episode 13 Production Cel (Sunrise, 1999).",130,6,23,60,23h 13m 11s
16310,7292,https://comics.ha.com/c/item.zx?saleNo=7292&lotNo=16310,"Escaflowne: A Girl in Gaea Hitomi Kanazaki and Guymelef Production Cels with Animation Drawings Group of 4 (Sunrise, 2000).",105,3,16,49,23h 13m 5s
16311,7292,https://comics.ha.com/c/item.zx?saleNo=7292&lotNo=16311,"Detective Conan Episode 179 Conan Edogawa Production Cel and Animation Drawing (TMS Entertainment, c. 1996-2002).",0,0,26,101,23h 12m 58s
16312,7292,https://comics.ha.com/c/item.zx?saleNo=7292&lotNo=16312,"Samurai Pizza Cats Guido Anchovy Production Cel with Production Background (Tatsunoko Productions, c. 1990-91).",0,0,17,33,23h 12m 52s
16313,7292,https://comics.ha.com/c/item.zx?saleNo=7292&lotNo=16313,"Crayon Shin-Chan Shinnosuke Nohara Production Cel with Custom Painted Background (Shin-Ei Animation, c. 1992-2000).",1,1,12,50,23h 12m 46s
16314,7292,https://comics.ha.com/c/item.zx?saleNo=7292&lotNo=16314,"Inuyasha ""Go Home to Your Own Time, Kagome!"" Inuyasha Production Cel and Animation Drawing (Sunrise, c. 2000-04).",115,6,18,18,23h 12m 39s
16315,7292,https://comics.ha.com/c/item.zx?saleNo=7292&lotNo=16315,"Inuyasha ""Return to the Place Where We First Met"" Inuyasha Production Cel (Sunrise, c. 2000-04).",145,42,19,33,23h 12m 33s
16316,7292,https://comics.ha.com/c/item.zx?saleNo=7292&lotNo=16316,"Inuyasha ""Giant Ogre of the Forbidden Tower"" Inuyasha and Sango Production Cel Setup with Key Master Background and Animation Drawing Group of 4 (Sunrise, 2000-04).",155,6,28,27,23h 12m 27s
16317,7292,https://comics.ha.com/c/item.zx?saleNo=7292&lotNo=16317,"One Piece: The Movie Monkey D. Luffy, Roronoa Zoro, and El Drago Production Cel Setup with Key Master Background (Toei Animation, 2000).",3,2,41,81,23h 12m 21s
16318,7292,https://comics.ha.com/c/item.zx?saleNo=7292&lotNo=16318,"Hunter x Hunter Hisoka Morow Production Cel and Animation Drawing (Nippon Animation, 2000).",105,3,41,63,23h 12m 15s
16319,7292,https://comics.ha.com/c/item.zx?saleNo=7292&lotNo=16319,"Vampire Hunter D: Bloodlust Zombie Production Cel (Madhouse, 2000).",1,1,22,41,23h 12m 9s
16320,7292,https://comics.ha.com/c/item.zx?saleNo=7292&lotNo=16320,"Vampire Hunter D: Bloodlust D Production Cel (Madhouse, 2000).",76,30,37,69,23h 12m 2s
16321,7292,https://comics.ha.com/c/item.zx?saleNo=7292&lotNo=16321,"Vampire Hunter D: Bloodlust Benge, Mashira, and Caroline Production Cel Setup with Key Master Background (Madhouse, 2000).",8,2,70,217,23h 11m 56s
16322,7292,https://comics.ha.com/c/item.zx?saleNo=7292&lotNo=16322,"Vampire Hunter D: Bloodlust D Production Cel with Animation Drawing Group of 3 (Madhouse, 2000).",105,28,49,98,23h 11m 50s
16323,7292,https://comics.ha.com/c/item.zx?saleNo=7292&lotNo=16323,"Vampire Hunter D Carmilla Production Cel (Madhouse, 2000).",38,17,40,64,23h 11m 44s
16324,7292,https://comics.ha.com/c/item.zx?saleNo=7292&lotNo=16324,"Vampire Hunter D: Bloodlust D Production Cel (Madhouse, 2000).",46,25,39,56,23h 11m 37s
16325,7292,https://comics.ha.com/c/item.zx?saleNo=7292&lotNo=16325,"Vampire Hunter D: Bloodlust Production Cel with Production Background (Madhouse, 2000).",26,12,34,57,23h 11m 31s
16326,7292,https://comics.ha.com/c/item.zx?saleNo=7292&lotNo=16326,"Vampire Hunter D: Bloodlust Carmilla's Castle of Chaythe Production Cel with Key Master Background (Madhouse, 2000).",8,2,48,102,23h 11m 25s
16327,7292,https://comics.ha.com/c/item.zx?saleNo=7292&lotNo=16327,"Vampire Hunter D: Bloodlust Leila Production Cel (Madhouse, 2000).",16,9,25,39,23h 11m 19s
16328,7292,https://comics.ha.com/c/item.zx?saleNo=7292&lotNo=16328,"Vampire Hunter D: Bloodlust Meier Link Production Cel (Madhouse, 2000).",8,2,25,59,23h 11m 13s
16329,7292,https://comics.ha.com/c/item.zx?saleNo=7292&lotNo=16329,"Vampire Hunter D: Bloodlust Castle of Chaythe Production Background with Studio-Printed Layout Drawing (Madhouse, 2000).",8,2,44,85,23h 11m 6s
16330,7292,https://comics.ha.com/c/item.zx?saleNo=7292&lotNo=16330,"Vampire Hunter D: Bloodlust Borgoff Production Cel (Madhouse, 2000).",1,1,14,17,23h 10m 59s
16331,7292,https://comics.ha.com/c/item.zx?saleNo=7292&lotNo=16331,"Vampire Hunter D: Bloodlust Caroline Production Cel with Key Master Background (Madhouse, 2000).",43,6,20,41,23h 10m 53s
16332,7292,https://comics.ha.com/c/item.zx?saleNo=7292&lotNo=16332,"Vampire Hunter D: Bloodlust D Production Cel (Madhouse, 2000).",26,13,30,29,23h 10m 47s
16333,7292,https://comics.ha.com/c/item.zx?saleNo=7292&lotNo=16333,"Vampire Hunter D: Bloodlust D Production Cel (Madhouse, 2000).",76,4,40,71,23h 10m 40s
16334,7292,https://comics.ha.com/c/item.zx?saleNo=7292&lotNo=16334,"Vampire Hunter D: Bloodlust D Production Cel (Madhouse, 2000).",76,5,33,45,23h 10m 34s
16335,7292,https://comics.ha.com/c/item.zx?saleNo=7292&lotNo=16335,"Read or Die Yomiko Readman, Nancy Makuhari, and Wendy Earhart Publicity Cel Signed by Hideyuki Kurata, Koji Masunari, and Masashi Ishihama (Studio Deen, c. 2001-02).",52,19,22,80,23h 10m 28s
16336,7292,https://comics.ha.com/c/item.zx?saleNo=7292&lotNo=16336,"Magic Knight Rayearth Umi Ryuuzaki, Hikaru Shidou, Fuu Hououji, Mokona, and Ferio Production Cel (TMS Entertainment, c. 1994-95).",1,1,16,150,23h 10m 22s
16337,7292,https://comics.ha.com/c/item.zx?saleNo=7292&lotNo=16337,"Perfect Blue Mima Production Cel with Production Background and Animation Drawing (Madhouse, 1997).",8,2,47,106,23h 10m 16s
16338,7292,https://comics.ha.com/c/item.zx?saleNo=7292&lotNo=16338,"Perfect Blue Mima Kirigoe and Rei Production Cel with Production Background (Madhouse, 1997).",8,2,41,99,23h 10m 9s
16339,7292,https://comics.ha.com/c/item.zx?saleNo=7292&lotNo=16339,"Perfect Blue Mima Kirigoe, Rei, and Yukiko Production Cel with Custom Painted Background and Animation Drawing (Madhouse, 1997).",105,5,67,169,23h 10m 3s
16340,7292,https://comics.ha.com/c/item.zx?saleNo=7292&lotNo=16340,"Fullmetal Alchemist Edward Elric, Alphonse Elric, Roy Mustang, and Riza Hawkeye Calendar Cover Hanken Genga Original Art (Bones, 2005).",240,6,42,85,23h 9m 57s
16341,7292,https://comics.ha.com/c/item.zx?saleNo=7292&lotNo=16341,"Super Dimension Fortress Macross Lynn Minmay Illustration by Haruhiko Mikimoto (Tatsunoko Production, 2013).",31,2,40,161,23h 9m 51s
16342,7292,https://comics.ha.com/c/item.zx?saleNo=7292&lotNo=16342,"Ghost in the Shell Motoko Kusanagi Animation Drawing (Production I.G., 1995).",350,10,71,280,23h 9m 45s
17001,7292,https://comics.ha.com/c/item.zx?saleNo=7292&lotNo=17001,Winsor McCay Gertie the Dinosaur Animation Drawing (1914).,3300,22,60,152,23h 7m 16s
17002,7292,https://comics.ha.com/c/item.zx?saleNo=7292&lotNo=17002,"The Flintstones Betty Rubble and Dino Published Original Model Sheet Art by Ed Benedict (Hanna-Barbera, 1960).",115,6,42,177,23h 7m 7s
17003,7292,https://comics.ha.com/c/item.zx?saleNo=7292&lotNo=17003,"The Flintstones Flintstone Home Concept Art by Ed Benedict (Hanna-Barbera, c. 1959).",155,8,55,156,23h 6m 58s
17004,7292,https://comics.ha.com/c/item.zx?saleNo=7292&lotNo=17004,"The Flintstones Rubble Home Concept Art by Ed Benedict (Hanna-Barbera, c. 1959).",260,8,56,119,23h 6m 50s
17005,7292,https://comics.ha.com/c/item.zx?saleNo=7292&lotNo=17005,The Flintstones Early Concept Painting (Hanna-Barbera c. 1960s),230,7,70,212,23h 6m 42s
17006,7292,https://comics.ha.com/c/item.zx?saleNo=7292&lotNo=17006,"The Flintstones ""The Flintstone Flyer"" First Episode Fred Flintstone Layout Drawing Group of 2 Attributed to Ed Benedict (Hanna-Barbera, 1960).",13,4,36,92,23h 6m 33s
17007,7292,https://comics.ha.com/c/item.zx?saleNo=7292&lotNo=17007,"The Flintstones Barney Rubble Layout Drawing Created for Unaired ""Flagstones"" Pilot by Dick Bickenbach (Hanna-Barbera, 1959).",200,6,27,90,23h 6m 24s
17008,7292,https://comics.ha.com/c/item.zx?saleNo=7292&lotNo=17008,"The Flintstones Early Wilma Flintstone Character Design Drawing by Ed Benedict (Hanna-Barbera, c. 1959-1960).",8,3,33,116,23h 6m 16s
17009,7292,https://comics.ha.com/c/item.zx?saleNo=7292&lotNo=17009,"The Flintstones Fred Flintstone, Barney Rubble, and Fred Jr. Early Character Design Drawing by Ed Benedict (Hanna-Barbera, c. 1959).",310,9,26,108,23h 6m 7s
17010,7292,https://comics.ha.com/c/item.zx?saleNo=7292&lotNo=17010,"The Flintstones ""The Babysitters"" Fred, Barney, and Egbert Production Cel Setup with Master Background (Hanna-Barbera, 1960/1960s-1970s).",160,6,73,160,23h 5m 59s
17011,7292,https://comics.ha.com/c/item.zx?saleNo=7292&lotNo=17011,"The Flintstones ""The Prowler"" Fred Flintstone and Barney Rubble Layout Drawing Group of 2 Attributed to Ed Benedict (Hanna-Barbera, 1960).",1,1,15,42,23h 5m 50s
17012,7292,https://comics.ha.com/c/item.zx?saleNo=7292&lotNo=17012,"The Flintstones Fred Flintstone and Barney Rubble Character Design Drawing by Dick Bickenbach (Hanna-Barbera, c. 1960).",210,6,50,142,23h 5m 42s
17013,7292,https://comics.ha.com/c/item.zx?saleNo=7292&lotNo=17013,"The Flintstones Fred Flintstone Character Design Drawing by Ed Benedict (Hanna-Barbera, c. 1960).",210,4,24,111,23h 5m 33s
17014,7292,https://comics.ha.com/c/item.zx?saleNo=7292&lotNo=17014,"The Flintstones Fred Flintstone Production Cel for Winston Cigarette Commercial (Hanna-Barbera, 1960).",54,4,47,309,23h 5m 25s
17015,7292,https://comics.ha.com/c/item.zx?saleNo=7292&lotNo=17015,"The Flintstones ""The Astr'Nuts"" Complete Episode Storyboards and Script Group (Hanna-Barbera, 1961).",410,14,48,210,23h 5m 16s
17016,7292,https://comics.ha.com/c/item.zx?saleNo=7292&lotNo=17016,"The Flintstones TV Guide Cover Layout Drawing by Dick Bickenbach (Hanna-Barbera, 1961).",64,6,44,107,23h 5m 7s
17017,7292,https://comics.ha.com/c/item.zx?saleNo=7292&lotNo=17017,"The Flintstones Fred Flintstone TV Guide Cover Layout Art by Dick Bickenbach Group of 3 (Hanna-Barbera, 1964).",62,6,29,83,23h 4m 59s
17018,7292,https://comics.ha.com/c/item.zx?saleNo=7292&lotNo=17018,"The Flintstones ""Ann-Margrock Presents"" Fred Flintstone, Barney Rubble, and Ann-Margrock Production Cel (Hanna-Barbera, 1963).",210,6,34,92,23h 4m 50s
17019,7292,https://comics.ha.com/c/item.zx?saleNo=7292&lotNo=17019,"The Flintstones Stony Curtis and Ann-Margrock Layout Drawing Group of 3 (Hanna-Barbera, 1963/1965).",8,2,29,56,23h 4m 41s
17020,7292,https://comics.ha.com/c/item.zx?saleNo=7292&lotNo=17020,"The Flintstones Layout Drawings by Dick Bickenbach Group of 4 (Hanna-Barbera, 1961-65).",115,3,17,83,23h 4m 33s
17021,7292,https://comics.ha.com/c/item.zx?saleNo=7292&lotNo=17021,"The Flintstones Pregnant Wilma Flintstone Drawing by Dick Bickenbach (Hanna-Barbera, 1963).",1,1,20,54,23h 4m 24s
17022,7292,https://comics.ha.com/c/item.zx?saleNo=7292&lotNo=17022,"The Flintstones ""The Blessed Event"" Fred Flintstone and Barney Rubble Layout Drawing by Dick Bickenbach (Hanna-Barbera, 1963).",115,4,26,77,23h 4m 15s
17023,7292,https://comics.ha.com/c/item.zx?saleNo=7292&lotNo=17023,"The Flintstones ""The Blessed Event"" Complete Set of 55 Pages of Original Storyboard Artwork (Hanna-Barbera, 1963).",130,5,43,127,23h 4m 7s
17024,7292,https://comics.ha.com/c/item.zx?saleNo=7292&lotNo=17024,"The Flintstones ""The Return of Stony Curtis"" Color Model Cel with New Fred and Barney Show Pan Stock Production Background (Hanna-Barbera, 1965/1979).",52,4,26,67,23h 3m 58s
17025,7292,https://comics.ha.com/c/item.zx?saleNo=7292&lotNo=17025,"The Flintstones Fred Flintstone Original Model Sheet Art by Dick Bickenbach (Hanna-Barbera, 1965).",575,5,38,112,23h 3m 50s
17026,7292,https://comics.ha.com/c/item.zx?saleNo=7292&lotNo=17026,"The Flintstones Wilma Original Model Sheet Art by Dick Bickenbach (Hanna-Barbera, 1965).",76,2,30,88,23h 3m 41s
17027,7292,https://comics.ha.com/c/item.zx?saleNo=7292&lotNo=17027,"The Flintstones Fred and Barney Production Cel and Master Background (Hanna-Barbera, c. 1960-61).",310,9,53,120,23h 3m 32s
17028,7292,https://comics.ha.com/c/item.zx?saleNo=7292&lotNo=17028,"The Flintstones ""At the Races"" Fred Flintstone and Barney Rubble Production Cel with Production Background (Hanna-Barbera, c. 1960/1970s).",125,3,32,57,23h 3m 23s
17029,7292,https://comics.ha.com/c/item.zx?saleNo=7292&lotNo=17029,"The Flintstones Fred and Barney Production Cel and Master Background (Hanna-Barbera, c. 1960s).",210,10,43,76,23h 3m 15s
17030,7292,https://comics.ha.com/c/item.zx?saleNo=7292&lotNo=17030,"The Flintstones Fred Model Sheet/Study Sketch by Alex Ignatiev (Hanna-Barbera, c. 1960s).",105,3,42,95,23h 3m 6s
17031,7292,https://comics.ha.com/c/item.zx?saleNo=7292&lotNo=17031,"The Flintstones ""Two Men on a Dinosaur"" Complete Original Storyboard Art and Mel Blanc Script Group of 49 (Hanna-Barbera, 1966).",410,5,49,97,23h 2m 58s
17032,7292,https://comics.ha.com/c/item.zx?saleNo=7292&lotNo=17032,"The Flintstones ""The Most Beautiful Baby in Bedrock"" Fred and Barney Production Cel (Hanna-Barbera, 1964).",110,8,34,67,23h 2m 49s
17033,7292,https://comics.ha.com/c/item.zx?saleNo=7292&lotNo=17033,"The Flintstones ""Monster Fred"" Fred Flintstone Production Cel (Hanna-Barbera, 1964).",68,2,20,50,23h 2m 40s
17034,7292,https://comics.ha.com/c/item.zx?saleNo=7292&lotNo=17034,"Cartoonsville ""Flintstone Freeway"" Theme Park Attraction Concept Painting by Bruce Bushman (Hanna-Barbera, c. 1968).",1,1,31,74,23h 2m 24s
17035,7292,https://comics.ha.com/c/item.zx?saleNo=7292&lotNo=17035,"The Flintstones Meet the Gruesomes Storybook Front and Back Cover Original Art (Hanna-Barbera/Whitman, 1965).",105,4,38,107,23h 2m 15s
17036,7292,https://comics.ha.com/c/item.zx?saleNo=7292&lotNo=17036,"The Flintstones Meet the Gruesomes Storybook Original Art Group of 4 (Hanna-Barbera/Whitman, 1965).",210,4,44,107,23h 2m 6s
17037,7292,https://comics.ha.com/c/item.zx?saleNo=7292&lotNo=17037,"The Flintstones Meet the Gruesomes Storybook Original Art Group of 27 (Hanna-Barbera/Whitman, 1965).",260,7,45,149,23h 1m 57s
17038,7292,https://comics.ha.com/c/item.zx?saleNo=7292&lotNo=17038,"The Flintstone Comedy Show 22-Character Pan Size Comparison Cel with Pan Master Stock Background (Hanna-Barbera, c. 1980).",125,6,32,89,23h 1m 41s
17039,7292,https://comics.ha.com/c/item.zx?saleNo=7292&lotNo=17039,"The Flintstones Title/Bumper Card Original Art (Hanna-Barbera, 1966).",8,4,31,67,23h 1m 33s
16149,7292,https://comics.ha.com/c/item.zx?saleNo=7292&lotNo=16149,"Castle in the Sky Sheeta Production Cel and Animation Drawing (Studio Ghibli, 1986).",130,5,68,75,23h 37m 9s
16150,7292,https://comics.ha.com/c/item.zx?saleNo=7292&lotNo=16150,"Castle in the Sky Sheeta Production Cel (Studio Ghibli, 1986).",155,8,81,113,23h 37m 3s
16151,7292,https://comics.ha.com/c/item.zx?saleNo=7292&lotNo=16151,"Castle in the Sky Sheeta Production Cel (Studio Ghibli, 1986).",31,4,64,69,23h 36m 58s
16152,7292,https://comics.ha.com/c/item.zx?saleNo=7292&lotNo=16152,"Castle in the Sky Sheeta Animation Drawing Sequence of 3 (Studio Ghibli, 1986).",8,3,40,70,23h 36m 52s
16153,7292,https://comics.ha.com/c/item.zx?saleNo=7292&lotNo=16153,"Castle in the Sky Dola Production Cel (Studio Ghibli, 1986).",6,2,29,34,23h 36m 46s
16154,7292,https://comics.ha.com/c/item.zx?saleNo=7292&lotNo=16154,"Castle in the Sky Sheeta and Muska Production Cels (Studio Ghibli, 1986).",8,2,44,47,23h 36m 40s
16155,7292,https://comics.ha.com/c/item.zx?saleNo=7292&lotNo=16155,"Castle in the Sky Sheeta Production Cel (Studio Ghibli, 1986).",68,6,46,53,23h 36m 34s
16156,7292,https://comics.ha.com/c/item.zx?saleNo=7292&lotNo=16156,"My Neighbor Totoro Totoro and Mei Animation Drawing (Studio Ghibli, 1988).",625,17,123,219,23h 36m 29s
16157,7292,https://comics.ha.com/c/item.zx?saleNo=7292&lotNo=16157,"My Neighbor Totoro Satsuki Production Cel and Animation Drawing (Studio Ghibli, 1988).",310,14,104,130,23h 36m 23s
16158,7292,https://comics.ha.com/c/item.zx?saleNo=7292&lotNo=16158,"My Neighbor Totoro Mei Production Cel (Studio Ghibli, 1988).",525,8,90,87,23h 36m 17s
16159,7292,https://comics.ha.com/c/item.zx?saleNo=7292&lotNo=16159,"My Neighbor Totoro Satsuki Production Cel (Studio Ghibli, 1988).",105,3,72,45,23h 36m 11s
17093,7292,https://comics.ha.com/c/item.zx?saleNo=7292&lotNo=17093,"Rabbit Rampage Bugs Bunny Production Cel (Warner Brothers, 1956).",105,4,42,49,22h 36m 10s
17094,7292,https://comics.ha.com/c/item.zx?saleNo=7292&lotNo=17094,Half-Fare Hare Bugs Bunny Mel Blanc and Virgil Ross-Signed Production Cel and Custom Background (Warner Brothers 1956).,410,14,54,132,22h 36m 4s
17095,7292,https://comics.ha.com/c/item.zx?saleNo=7292&lotNo=17095,"Heaven Scent Pepé Le Pew and Penelope Pussycat Production Cel (Warner Brothers, 1956).",725,8,45,101,22h 35m 58s
17096,7292,https://comics.ha.com/c/item.zx?saleNo=7292&lotNo=17096,"Rocket-Bye Baby Production Background by Philip DeGuard (Warner Brothers, 1956).",155,5,19,60,22h 35m 51s
17097,7292,https://comics.ha.com/c/item.zx?saleNo=7292&lotNo=17097,"Heaven Scent Production Background by Philip DeGuard (Warner Brothers, 1956).",310,3,18,74,22h 35m 45s
17098,7292,https://comics.ha.com/c/item.zx?saleNo=7292&lotNo=17098,"A Star Is Bored Production Background Signed by Irv Wyner (Warner Brothers, 1956).",340,4,33,84,22h 35m 39s
17099,7292,https://comics.ha.com/c/item.zx?saleNo=7292&lotNo=17099,"Chuck Jones ""Bugs Bunny and Bull"" Watercolor Painting Original Art (Warner Brothers, c. 1990s).",1100,13,82,307,22h 35m 34s
17100,7292,https://comics.ha.com/c/item.zx?saleNo=7292&lotNo=17100,"Chuck Jones - Bugs Bunny and Gossamer Watercolor Painting Original Art (Warner Brothers, 1998).",2200,20,66,269,22h 35m 28s
17101,7292,https://comics.ha.com/c/item.zx?saleNo=7292&lotNo=17101,The Art of Chuck Jones - Cowboy Statue Illustration Original Art (c. 1957).,1,1,18,46,22h 35m 22s
17102,7292,https://comics.ha.com/c/item.zx?saleNo=7292&lotNo=17102,"People are Bunny Bugs Bunny Production Cel with Mel Blanc Autograph (Warner Brothers, 1959).",130,5,35,129,22h 35m 16s
17103,7292,https://comics.ha.com/c/item.zx?saleNo=7292&lotNo=17103,"A Witch's Tangled Hare Production Background and Hand-Painted Overlay with Bugs Bunny Production Cel (Warner Brothers, c. 1950s).",130,3,35,74,22h 35m 10s
17104,7292,https://comics.ha.com/c/item.zx?saleNo=7292&lotNo=17104,"The Bugs Bunny Show Bugs Bunny Model Sheet Original Art Attributed to Chuck Jones (Warner Brothers, 1960).",525,14,50,178,22h 35m 4s
17105,7292,https://comics.ha.com/c/item.zx?saleNo=7292&lotNo=17105,"Rabbit's Feat Wile E. Coyote Layout Drawing by Chuck Jones (Warner Brothers, 1960).",105,2,29,98,22h 34m 58s
17106,7292,https://comics.ha.com/c/item.zx?saleNo=7292&lotNo=17106,"The Bugs Bunny Show ""Ballpoint Puns"" Storyboards Group Original Art Attributed to Chuck Jones plus Script (Warner Brothers, 1961).",105,4,45,115,22h 34m 52s
17107,7292,https://comics.ha.com/c/item.zx?saleNo=7292&lotNo=17107,"Chuck Jones Lickety Splat Wile E. Coyote Production Drawing (Warner Brothers, 1961).",155,22,47,104,22h 34m 46s
17108,7292,https://comics.ha.com/c/item.zx?saleNo=7292&lotNo=17108,"A Sheep in the Deep Sam Sheepdog and Ralph Wolf Production Cels Matted Display (Warner Brothers, 1962).",160,7,37,114,22h 34m 40s
17109,7292,https://comics.ha.com/c/item.zx?saleNo=7292&lotNo=17109,"Devil's Feud Cake Yosemite Sam Production Cel and Key Master Background (Warner Brothers, 1963).",925,10,26,128,22h 34m 34s
17110,7292,https://comics.ha.com/c/item.zx?saleNo=7292&lotNo=17110,"The Road Runner Show ""Grenade Tennis"" Road Runner and Wile E. Coyote Production Cels with Painted Backgrounds (Warner Brothers, 1966).",105,5,32,76,22h 34m 28s
17111,7292,https://comics.ha.com/c/item.zx?saleNo=7292&lotNo=17111,"The Bugs Bunny Show Bugs Bunny Production Cel (Warner Brothers, c. 1960s-1980s).",56,2,17,32,22h 34m 22s
17112,7292,https://comics.ha.com/c/item.zx?saleNo=7292&lotNo=17112,"The Bugs Bunny/Road Runner Movie Bugs Bunny Production Cel Signed by Chuck Jones (Warner Brothers, 1979).",105,4,42,74,22h 34m 16s
17113,7292,https://comics.ha.com/c/item.zx?saleNo=7292&lotNo=17113,"Spaced Out Bunny Marvin the Martian and Bugs Bunny Production Cel (Warner Brothers, 1980).",105,3,31,59,22h 34m 10s
17114,7292,https://comics.ha.com/c/item.zx?saleNo=7292&lotNo=17114,"""The Last Chance Saloon"" Limited Edition Cel Signed by Chuck Jones #305/500 (Warner Brothers, 1987).",360,5,34,65,22h 34m 3s
17115,7292,https://comics.ha.com/c/item.zx?saleNo=7292&lotNo=17115,"""Next to the Last Chance Saloon"" Limited Edition Cel Signed by Chuck Jones #690/750 (Warner Brothers, 1990).",115,23,25,80,22h 33m 57s
17116,7292,https://comics.ha.com/c/item.zx?saleNo=7292&lotNo=17116,"Chariots of Fur Production Cels Signed by Chuck Jones and Maurice Noble (Warner Brothers, 1994).",330,3,62,127,22h 33m 51s
17117,7292,https://comics.ha.com/c/item.zx?saleNo=7292&lotNo=17117,"The Looney Trails Limited Edition Chess Set (Warner Brothers, 1993).",310,5,33,102,22h 33m 45s
17118,7292,https://comics.ha.com/c/item.zx?saleNo=7292&lotNo=17118,"Wile E. Coyote and Road Runner ""Famishus Vulgaris"" Limited Edition Bronze by Allyson Vought #49/250 (Warner Brothers, 1993).",260,8,27,73,22h 33m 39s
17119,7292,https://comics.ha.com/c/item.zx?saleNo=7292&lotNo=17119,"""Bugs Bunny and Honey Bunny"" Oil Painting by Chuck Jones (Warner Brothers, c. 1990).",4100,15,34,220,22h 33m 33s
17120,7292,https://comics.ha.com/c/item.zx?saleNo=7292&lotNo=17120,"Tim Burton's The Nightmare Before Christmas Jack Skellington, Sally, and Zero Storyboard Original Art (Walt Disney/Touchstone, 1993).",1250,33,130,263,22h 33m 28s
17121,7292,https://comics.ha.com/c/item.zx?saleNo=7292&lotNo=17121,"Tim Burton's The Nightmare Before Christmas Jack Skellington Original Art by Tim Burton (Touchstone/Walt Disney, 1993/95).",1200,11,157,546,22h 33m 22s
17122,7292,https://comics.ha.com/c/item.zx?saleNo=7292&lotNo=17122,"The Nightmare Before Christmas Sally Stop-Motion Puppet (Touchstone/Walt Disney, 1993).",310,15,133,515,22h 33m 16s
17123,7292,https://comics.ha.com/c/item.zx?saleNo=7292&lotNo=17123,"Tim Burton's The Nightmare Before Christmas Sally's Song"" Storyboard Original Art (Walt Disney/Touchstone, 1993).",23,3,44,60,22h 33m 10s
17124,7292,https://comics.ha.com/c/item.zx?saleNo=7292&lotNo=17124,"Tim Burton's The Nightmare Before Christmas Jack Skellington Storyboard Drawing by Jorgen Klubien (Touchstone/Walt Disney, 1993).",130,8,53,92,22h 33m 5s
17125,7292,https://comics.ha.com/c/item.zx?saleNo=7292&lotNo=17125,"Tim Burton's The Nightmare Before Christmas Storyboard Art (Touchstone/Disney, 1993).",52,3,31,81,22h 32m 59s
17126,7292,https://comics.ha.com/c/item.zx?saleNo=7292&lotNo=17126,"The Nightmare Before Christmas Early Concept/Audition Sculpture (Touchstone Pictures/Norm DeCarlo, c. 1993).",260,3,35,108,22h 32m 53s
17127,7292,https://comics.ha.com/c/item.zx?saleNo=7292&lotNo=17127,"Tim Burton's The Nightmare Before Christmas Jack Skellington and Elves Concept Art (Touchstone/Walt Disney, 1993).",310,7,75,118,22h 32m 47s
17128,7292,https://comics.ha.com/c/item.zx?saleNo=7292&lotNo=17128,"Tim Burton's The Nightmare Before Christmas Jack Skellington and Elves Concept Art (Touchstone/Walt Disney, 1993).",105,4,69,109,22h 32m 41s
17129,7292,https://comics.ha.com/c/item.zx?saleNo=7292&lotNo=17129,"Tim Burton's The Nightmare Before Christmas Jack Skellington and Clown Concept Art (Touchstone/Walt Disney, 1993).",260,4,66,131,22h 24m 2s
17130,7292,https://comics.ha.com/c/item.zx?saleNo=7292&lotNo=17130,"Tim Burton's The Nightmare Before Christmas Sandy Claws and Oogie Boogie Storyboard Original Art (Walt Disney/Touchstone, 1993).",56,4,52,69,22h 23m 56s
17131,7292,https://comics.ha.com/c/item.zx?saleNo=7292&lotNo=17131,"Tim Burton's The Nightmare Before Christmas Jack Skellington Storyboard Original Art (Walt Disney/Touchstone, 1993).",310,6,94,134,22h 23m 49s
17132,7292,https://comics.ha.com/c/item.zx?saleNo=7292&lotNo=17132,"The Nightmare Before Christmas Disneyland Haunted Mansion Holiday Banner Poster (Walt Disney, 2003-4).",2,2,29,97,22h 23m 44s
17133,7292,https://comics.ha.com/c/item.zx?saleNo=7292&lotNo=17133,"I Dream of Jeannie Opening Sequence Jeannie and Bottle Production Cel with Custom Smoke Background (DePatie-Freleng, 1965).",1150,8,118,330,22h 23m 38s
17134,7292,https://comics.ha.com/c/item.zx?saleNo=7292&lotNo=17134,"I Dream of Jeannie ""Evil Sister"" Limited Edition Bottle Signed by Barbara Eden and Bill Daily (Sony/Della Casa, 1965/c. 2000s).",105,8,37,302,22h 23m 32s
17135,7292,https://comics.ha.com/c/item.zx?saleNo=7292&lotNo=17135,"Jack the Giant Killer Pendragon Model/Concept Painting (Zenith Pictures, 1962).",1,1,19,74,22h 23m 27s
17136,7292,https://comics.ha.com/c/item.zx?saleNo=7292&lotNo=17136,"Doctor Dolittle Concept Painting (20th Century Fox, 1967).",0,0,10,61,22h 23m 21s
17137,7292,https://comics.ha.com/c/item.zx?saleNo=7292&lotNo=17137,"Fritz the Cat Stoned Fritz and Bertha Pan Cels (Ralph Bakshi, 1972).",6,3,23,64,22h 23m 15s
17138,7292,https://comics.ha.com/c/item.zx?saleNo=7292&lotNo=17138,"Fritz the Cat Fritz and Big Bertha Production Cel Sequence of 2 (Ralph Bakshi, 1972).",31,11,42,267,22h 23m 9s
16160,7292,https://comics.ha.com/c/item.zx?saleNo=7292&lotNo=16160,"My Neighbor Totoro Satsuki and Soot Sprites Production Cels (Studio Ghibli, 1988).",230,7,83,72,23h 35m 6s
16001,7292,https://comics.ha.com/c/item.zx?saleNo=7292&lotNo=16001,"Greg and Tim Hildebrandt 1994 Marvel Masterpieces Powerblast Trading Card #9 Wolverine Painting Original Art (Fleer, 1994).",1950,19,140,717,23h 56m 57s
16002,7292,https://comics.ha.com/c/item.zx?saleNo=7292&lotNo=16002,"Greg and Tim Hildebrandt 1994 Marvel Masterpieces Powerblast Trading Card #5 Gambit Painting Original Art (Fleer, 1994).",1450,13,112,390,23h 56m 54s
16003,7292,https://comics.ha.com/c/item.zx?saleNo=7292&lotNo=16003,"Greg and Tim Hildebrandt 1994 Marvel Masterpieces Powerblast Trading Card #8 Sabretooth Painting Original Art (Fleer, 1994).",1550,26,94,279,23h 56m 50s
16004,7292,https://comics.ha.com/c/item.zx?saleNo=7292&lotNo=16004,"Superman Height Comparison Model Sheet Original Art (Max Fleischer, 1941).",155,8,48,163,23h 56m 47s
16005,7292,https://comics.ha.com/c/item.zx?saleNo=7292&lotNo=16005,"Superman (The Mad Scientist) Superman Animation Drawing and Metropolis Bridge Layout Drawing Original Art Group of 2 (Max Fleischer, 1941).",875,25,39,208,23h 56m 44s
16006,7292,https://comics.ha.com/c/item.zx?saleNo=7292&lotNo=16006,"Superman (The Mad Scientist) Layout Drawing with Volcano Superman and Lois Lane Animation Drawings Group of 3 (Max Fleischer, 1941/1942).",21,5,39,146,23h 56m 41s
16007,7292,https://comics.ha.com/c/item.zx?saleNo=7292&lotNo=16007,"Japoteurs Superman Metropolis Production Background (Famous Studios, 1942).",31,8,34,137,23h 56m 38s
16008,7292,https://comics.ha.com/c/item.zx?saleNo=7292&lotNo=16008,"Superman (Serial) Superman in Flight Production Cel (Columbia, 1948).",1,1,22,73,23h 56m 35s
16009,7292,https://comics.ha.com/c/item.zx?saleNo=7292&lotNo=16009,"Super Friends 11-Character Bumper Cel (Hanna-Barbera, 1978).",270,10,97,254,23h 56m 32s
16010,7292,https://comics.ha.com/c/item.zx?saleNo=7292&lotNo=16010,"Space Ghost Model Sheet (Hanna-Barbera, 1966).",210,9,91,233,23h 56m 29s
16011,7292,https://comics.ha.com/c/item.zx?saleNo=7292&lotNo=16011,"The Galaxy Trio Alex Toth Background Layout Drawing with End Title Cel (Hanna-Barbera, 1967).",525,4,41,151,23h 56m 26s
16012,7292,https://comics.ha.com/c/item.zx?saleNo=7292&lotNo=16012,"Batman and Robin Underoos Commercial Concept Cel Group of 2 (DC/Fruit of the Loom, c. 1970s-1980s).",56,5,40,111,23h 56m 23s
16013,7292,https://comics.ha.com/c/item.zx?saleNo=7292&lotNo=16013,"He-Man and the Masters of the Universe He-Man, Skeletor, Panthor, Cringer, and More Production Cels with She-Ra: Princess of Power Pan Production Background (Filmation, c. 1980s).",41,5,30,118,23h 56m 20s
16014,7292,https://comics.ha.com/c/item.zx?saleNo=7292&lotNo=16014,"Dragon's Lair Opening Title Sequence Production Cel with Key Master Background, Cut-Out Cel, and Photostat Copy Group of 2 (Don Bluth, 1983).",330,8,67,290,23h 56m 17s
16015,7292,https://comics.ha.com/c/item.zx?saleNo=7292&lotNo=16015,"Dragon's Lair Opening Title Sequence Production Cel, Layout Drawing, Negative, and Photostat Copy (Don Bluth, 1983).",115,3,47,146,23h 56m 14s
16016,7292,https://comics.ha.com/c/item.zx?saleNo=7292&lotNo=16016,"Dragon's Lair Dirk the Daring and Singe the Dragon Production Cel (Don Bluth, 1983).",140,28,68,183,23h 56m 11s
16017,7292,https://comics.ha.com/c/item.zx?saleNo=7292&lotNo=16017,"Space Ace Dexter and Kimberly Production Cel (Don Bluth, c. 1983).",50,26,23,91,23h 56m 8s
16018,7292,https://comics.ha.com/c/item.zx?saleNo=7292&lotNo=16018,"The Transformers ""A Prime Problem"" Starscream Production Cel with Master Background (Sunbow/Marvel, 1985).",280,10,73,159,23h 56m 5s
16019,7292,https://comics.ha.com/c/item.zx?saleNo=7292&lotNo=16019,"The Transformers ""A Prime Problem"" Optimus Prime and Jazz Production Cel Setup with Master Background (Sunbow/Marvel, c. 1984-93).",575,8,80,183,23h 56m 2s
16020,7292,https://comics.ha.com/c/item.zx?saleNo=7292&lotNo=16020,"The Transformers ""A Prime Problem"" Spike, Soundwave, Starscream, and Jazz Production Cel Group of 3 (Sunbow/Marvel, c. 1984-93).",525,6,61,209,23h 55m 59s
16021,7292,https://comics.ha.com/c/item.zx?saleNo=7292&lotNo=16021,"Teenage Mutant Ninja Turtles Donatello and Michelangelo Production Cel Signed by Multiple Voice Actors (Murakami-Wolf-Swenson, c. 1987-1996).",200,9,40,118,23h 55m 56s
16022,7292,https://comics.ha.com/c/item.zx?saleNo=7292&lotNo=16022,"Batman on Gargoyle Bronze Statue by Randy Bowen Limited Edition #165/250 (DC, 1996).",2600,11,38,173,23h 55m 53s
16023,7292,https://comics.ha.com/c/item.zx?saleNo=7292&lotNo=16023,"Batman: The Animated Series ""Mad Love"" Harley Quinn and Joker Production Cel Setup with Key Master Background Signed by Paul Dini, Kevin Conroy, and Arleen Sorkin (Warner Brothers, c. 1997-99).",555,12,138,340,23h 55m 50s
16024,7292,https://comics.ha.com/c/item.zx?saleNo=7292&lotNo=16024,"Batman: The Animated Series Batwing Production Cel Sequence of 6 and Layout Drawing (Warner Brothers, c. 1997-99).",52,23,30,97,23h 55m 47s
16025,7292,https://comics.ha.com/c/item.zx?saleNo=7292&lotNo=16025,"Batman: The Animated Series Batman and Joker Production Cel Sequence of 4 (Warner Brothers, c. 1997-99).",250,10,46,134,23h 55m 44s
16026,7292,https://comics.ha.com/c/item.zx?saleNo=7292&lotNo=16026,"Batman: The Animated Series ""Make 'Em Laugh"" Batman Production Cel Signed by Kevin Conroy (Warner Brothers, c. 1992-95).",130,4,55,110,23h 55m 41s
16027,7292,https://comics.ha.com/c/item.zx?saleNo=7292&lotNo=16027,"Batman: The Animated Series Joker Production Cel and Animation Drawing Group of 6 (Warner Brothers, c. 1992-95).",165,6,44,115,23h 55m 38s
16028,7292,https://comics.ha.com/c/item.zx?saleNo=7292&lotNo=16028,"Batman: The Animated Series ""Perchance to Dream"" Production Cel Signed by Bruce Timm (Warner Brothers, c. 1992-95).",90,13,55,118,23h 55m 35s
16029,7292,https://comics.ha.com/c/item.zx?saleNo=7292&lotNo=16029,"Batman: The Animated Series ""Almost Got 'Im"" Harley Quinn and Catwoman Production Cel (Warner Brothers, c. 1992-95).",130,28,90,167,23h 55m 32s
16030,7292,https://comics.ha.com/c/item.zx?saleNo=7292&lotNo=16030,"Batman: The Animated Series ""Harlequinade"" Harley Quinn Production Cel Sequence of 3 (Warner Brothers, c. 1992-95).",210,11,80,145,23h 55m 29s
16031,7292,https://comics.ha.com/c/item.zx?saleNo=7292&lotNo=16031,"Batman: The Animated Series ""Joker's Favor"" Production Cel (Warner Brothers, c. 1992-95).",150,11,56,177,23h 55m 26s
16032,7292,https://comics.ha.com/c/item.zx?saleNo=7292&lotNo=16032,"Batman Beyond ""Disappearing Inque"" Gotham City Pan Production Background (Warner Brothers Studios, c. 1999-2001).",21,4,45,90,23h 55m 23s
16033,7292,https://comics.ha.com/c/item.zx?saleNo=7292&lotNo=16033,"Æon Flux CD-Rom Commercial Production Cel Sequence of 3 Signed by Peter Chung with Key Master Pan Background (MTV Animation, c. 1996).",65,5,55,281,23h 55m 20s
16034,7292,https://comics.ha.com/c/item.zx?saleNo=7292&lotNo=16034,"Æon Flux Production Cels Signed by Peter Chung (MTV Animation, 1996).",36,9,37,96,23h 55m 17s
16035,7292,https://comics.ha.com/c/item.zx?saleNo=7292&lotNo=16035,"Æon Flux Production Cel Signed by Peter Chung (MTV Animation, 1996).",36,10,40,98,23h 55m 15s
16036,7292,https://comics.ha.com/c/item.zx?saleNo=7292&lotNo=16036,"Æon Flux CD-Rom Commercial Storyboard Original Art Sequence of 6 Signed by Peter Chung (MTV Animation, c. 1996).",5,3,38,134,23h 55m 11s
16037,7292,https://comics.ha.com/c/item.zx?saleNo=7292&lotNo=16037,"Æon Flux CD-Rom Commercial Production Cel Signed by Peter Chung with Group of 3 Animation Drawings (MTV Animation, c. 1996).",8,5,15,58,23h 55m 8s
16038,7292,https://comics.ha.com/c/item.zx?saleNo=7292&lotNo=16038,"Æon Flux Production Cel Signed by Peter Chung (MTV Animation, 1996).",16,10,26,62,23h 55m 4s
16039,7292,https://comics.ha.com/c/item.zx?saleNo=7292&lotNo=16039,"Æon Flux Trevor Goodchild Production Cel Signed by Peter Chung with Master Background and Group of 3 Animation Drawings (MTV Animation, 1996).",1,1,14,52,23h 55m 1s
16040,7292,https://comics.ha.com/c/item.zx?saleNo=7292&lotNo=16040,"Æon Flux ""Leisure"" Storyboard Original Art Group of 38 (MTV Animation, 1992).",62,3,37,151,23h 54m 58s
16041,7292,https://comics.ha.com/c/item.zx?saleNo=7292&lotNo=16041,"Æon Flux ""Leisure"" Production Cel Setup with Key Master Background Signed by Peter Chung (MTV Animation, 1992).",48,10,36,102,23h 54m 55s
16042,7292,https://comics.ha.com/c/item.zx?saleNo=7292&lotNo=16042,"Æon Flux ""Leisure"" Production Cel Signed by Peter Chung (MTV Animation, 1992).",8,5,25,48,23h 54m 52s
16043,7292,https://comics.ha.com/c/item.zx?saleNo=7292&lotNo=16043,"Æon Flux ""Leisure"" Production Cel Setup with Key Master Background Signed by Peter Chung (MTV Animation, 1992).",62,7,45,160,23h 54m 48s
16044,7292,https://comics.ha.com/c/item.zx?saleNo=7292&lotNo=16044,"Æon Flux ""Leisure"" Æon Flux and Trevor Goodchild Production Cel Signed by Peter Chung and Animation Drawing Group of 4 (MTV Animation, 1992).",8,2,23,73,23h 54m 45s
16045,7292,https://comics.ha.com/c/item.zx?saleNo=7292&lotNo=16045,"Æon Flux ""Leisure"" Production Cel Signed by Peter Chung and Animation Drawing Group of 3 (MTV Animation, c. 1992).",1,1,20,59,23h 54m 42s
16046,7292,https://comics.ha.com/c/item.zx?saleNo=7292&lotNo=16046,"Æon Flux ""Leisure"" Production Cel Sequence of 4 Signed by Peter Chung and Animation Drawing (MTV Animation, 1992).",26,12,34,89,23h 54m 39s
16047,7292,https://comics.ha.com/c/item.zx?saleNo=7292&lotNo=16047,"Æon Flux Trevor Goodchild and Æon Flux Production Cel Signed Sequence of 2 by Peter Chung with Animation Drawing (MTV Animation, 1995).",1,1,15,60,23h 54m 36s
16048,7292,https://comics.ha.com/c/item.zx?saleNo=7292&lotNo=16048,"Æon Flux ""The Purge"" Background Color Key Background Group of 3 (MTV Animation, 1994).",3,2,19,58,23h 54m 33s
16049,7292,https://comics.ha.com/c/item.zx?saleNo=7292&lotNo=16049,"Æon Flux Color Model Cel and Group of 2 Color Model Drawings (MTV Animation, 1996).",40,18,29,79,23h 54m 30s
16050,7292,https://comics.ha.com/c/item.zx?saleNo=7292&lotNo=16050,"Æon Flux ""Isthmus Crypticus"" Una's Bedroom and Seraph-Trev Chamber Concept/Color Key Painting Group of 2 (MTV Animation, c. 1994-95).",8,2,20,74,23h 54m 27s
